,parent_asin
0,1449410243
1,B000001OM5
2,B00000DMF5
3,B00000J1SC
4,B00000K2YR
5,B00002EQCS
6,B00002EQCW
7,B00002N5ZB
8,B00002N8CZ
9,B00004OCIP
10,B00004OCJK
11,B00004OCJN
12,B00004OCJQ
13,B00004OCKT
14,B00004OCNU
15,B00004OCO4
16,B00004OCO6
17,B00004OCO9
18,B00004S1B8
19,B00004SGFP
20,B00004SY4H
21,B00004SZ6Q
22,B00004SZ7H
23,B00004TBLW
24,B00004UE7C
25,B00004UE7U
26,B00004W4UR
27,B00004W4V8
28,B00004W4V9
29,B00004X13D
30,B00004XSC0
31,B00004Z5D1
32,B00004Z5M1
33,B00004Z5PY
34,B00004Z6TW
35,B00004ZCI3
36,B00004ZCJF
37,B00004ZCJJ
38,B000050H5N
39,B00005CDPH
40,B00005IBXJ
41,B00005IBXK
42,B00005KB37
43,B00005MF97
44,B00005MF9C
45,B00005N9D3
46,B00005NIMJ
47,B00005OTXU
48,B00005OTXY
49,B00005QB5U
50,B00005QFL0
51,B00005T3EY
52,B000063SI0
53,B0000645RH
54,B000065BP9
55,B000065DK8
56,B000065UQA
57,B0000668YX
58,B000067RC1
59,B000068O40
60,B00006B82A
61,B00006B8K2
62,B00006BBAC
63,B00006CJLM
64,B00006HVLW
65,B00006I5J7
66,B00006IUVD
67,B00006IUWC
68,B00006IUWM
69,B00006IV0R
70,B00006JN3G
71,B00006JPE1
72,B00006JPEA
73,B00006JQ06
74,B00006JQ7D
75,B00006JSUA
76,B00007056H
77,B00007E7C8
78,B00007E7K1
79,B00007FGU7
80,B00007KDVI
81,B00007KDX6
82,B00007M1TZ
83,B000083JZ0
84,B00008CM69
85,B00008CM6B
86,B00008NJEP
87,B00008XET9
88,B000095RBQ
89,B000095RC5
90,B00009OY9U
91,B00009W3FR
92,B00009W3G7
93,B0000A1ZMS
94,B0000AHO92
95,B0000AI0N1
96,B0000BYC4B
97,B0000BYCFU
98,B0000BYDKO
99,B0000BYEQS
100,B0000CCQKV
101,B0000CDVD7
102,B0000CF3UW
103,B0000CF8Q6
104,B0000CFB4N
105,B0000CFMZN
106,B0000CFMZP
107,B0000CFNE3
108,B0000CFP0F
109,B0000CFPPD
110,B0000CFQJS
111,B0000CFTB0
112,B0000CFTDW
113,B0000DAQ5E
114,B0000DAQ93
115,B0000DDVMH
116,B0000DDVSE
117,B0000DE9B5
118,B0000DINAX
119,B0000DJUYR
120,B0000E1FDA
121,B0000E2V3X
122,B0000E6EDZ
123,B0000TO0BQ
124,B0000TPDJE
125,B0000U11PI
126,B0000UV01S
127,B0000VLMVU
128,B0000VLPAS
129,B0000VLU62
130,B0000VLUDK
131,B0000VMBF6
132,B0000VYDKM
133,B0000VYJRY
134,B0000W4MYI
135,B0000X7CMQ
136,B0000YTYGM
137,B0000Z6JJG
138,B0000Z6JK0
139,B00014WEKY
140,B00015Y0FK
141,B00018RR48
142,B00019G8IS
143,B0001BMYIE
144,B0001E839U
145,B0001FTVEA
146,B0001FTVEK
147,B0001MSDOC
148,B0001PG238
149,B0001XRNEM
150,B0001YH1A2
151,B00023C6K2
152,B00024JR4E
153,B00025H2PY
154,B000289DC6
155,B00029MTMQ
156,B00029QOV8
157,B0002AKX6Y
158,B0002D03ZW
159,B0002GX1XA
160,B0002HSFB2
161,B0002ITQHS
162,B0002J2B8I
163,B0002J2MSW
164,B0002J5TGY
165,B0002JA1JE
166,B0002JY712
167,B0002KWBIW
168,B0002LYZNK
169,B0002MQGOK
170,B0002MQZMI
171,B0002SQ2P2
172,B0002VAFVG
173,B0002VFXFE
174,B0002Y5WXE
175,B0002YE6FY
176,B0002YTFV4
177,B00030J1U2
178,B00032Q30Q
179,B00042LC9M
180,B000638D32
181,B00063RWVG
182,B00063RX60
183,B00063RXKQ
184,B00063RXQK
185,B00066XRO4
186,B00066XROO
187,B00067REBU
188,B00068M52C
189,B00068YUN4
190,B0006GSR76
191,B0006H0JVW
192,B0006HVM5E
193,B0006SGQFY
194,B0006TIA8Y
195,B0006TZMOE
196,B0006U2HD2
197,B0007CXQQ6
198,B0007M2BN0
199,B0007M6GI6
200,B0007MXZB2
201,B0007NIIOU
202,B0007QCRNU
203,B0007TOR08
204,B0007VO0CG
205,B00080FPZM
206,B000812QC6
207,B0008DJVBS
208,B0008JIW8U
209,B00093IIRA
210,B0009A0N4E
211,B0009ONZ8G
212,B000A790X6
213,B000AAM0EY
214,B000AAN76Y
215,B000ANCPNM
216,B000ANEPYO
217,B000ANOY7M
218,B000AQPMHA
219,B000AQSMPO
220,B000AS3OW8
221,B000B0NC2W
222,B000BD6L0O
223,B000BDH8RE
224,B000BKJZ9Q
225,B000BNY64C
226,B000BO96IW
227,B000BPUXAQ
228,B000BPWX0O
229,B000BQU5US
230,B000BRLXUI
231,B000BSJFJS
232,B000BSKOXE
233,B000BUDE5M
234,B000BYH8EQ
235,B000C1Z0HA
236,B000CBOTQ8
237,B000CCDBRK
238,B000CKVOOY
239,B000CLNHXY
240,B000CO256G
241,B000CO89T8
242,B000CRFOMK
243,B000E15P5U
244,B000E1S08O
245,B000EH0NLK
246,B000ENRQ3M
247,B000EPLK6O
248,B000ER5G6C
249,B000EZL1EA
250,B000F49XXG
251,B000F5K82A
252,B000F7QRTG
253,B000F8EUFI
254,B000FBUMLQ
255,B000FFILRO
256,B000FFRYYK
257,B000FFRZ26
258,B000FI9VU2
259,B000FITKK8
260,B000FKKHQW
261,B000FQ2JLW
262,B000FTNEGS
263,B000FZX93K
264,B000FZX93U
265,B000G0KJG4
266,B000G32H3Y
267,B000G32H84
268,B000GIGZXM
269,B000GIT002
270,B000GLNO3S
271,B000GPVDLE
272,B000GTR2F6
273,B000GWG14Q
274,B000GXZ2GS
275,B000H0XFCS
276,B000H0ZDD2
277,B000HBIL9O
278,B000HBILB2
279,B000HBMFRS
280,B000HDJT4S
281,B000HE57JS
282,B000HHJ2I2
283,B000HJ99UG
284,B000HJ99XS
285,B000HJBFSK
286,B000HKGK8Y
287,B000HM9ZSY
288,B000HMC5JA
289,B000HRYV38
290,B000I0DV6W
291,B000I14C7I
292,B000I1Y2PK
293,B000I1ZUWO
294,B000I20AJ6
295,B000I23TTE
296,B000I62FQI
297,B000I6JZWA
298,B000I94FAE
299,B000ID7QNI
300,B000IDCDZY
301,B000IF4788
302,B000IYYFIQ
303,B000IZ793S
304,B000J1H4VI
305,B000KFVKVS
306,B000KILLXM
307,B000KILLY6
308,B000KK7FEY
309,B000KO0GY6
310,B000L47AHG
311,B000L9OIQC
312,B000LIFB7S
313,B000LOWN3C
314,B000LP0R3E
315,B000M0MJU2
316,B000M3V8XI
317,B000M4D96G
318,B000M87F0I
319,B000M9EREE
320,B000MDHH06
321,B000MFAOPY
322,B000MNG89W
323,B000MUWMH2
324,B000MXWSWI
325,B000MXWSY6
326,B000MYPPPE
327,B000NBIO0Y
328,B000NBWRU2
329,B000ND3GQY
330,B000NMFCIA
331,B000NQ16NG
332,B000NSIF9C
333,B000OEJARG
334,B000OF6X48
335,B000OG88KY
336,B000OGX5AM
337,B000OL3QTW
338,B000OLA7KS
339,B000P1OA1O
340,B000P1PJL4
341,B000P8X65S
342,B000P910OG
343,B000PCWRMC
344,B000PEZYNE
345,B000PGG7ZQ
346,B000PMGZDO
347,B000PWGZOI
348,B000Q6ST3S
349,B000Q85WOK
350,B000Q8UAWY
351,B000Q9C4AE
352,B000QGGWY6
353,B000QJE48O
354,B000QODRF0
355,B000QRAMMS
356,B000QTUJXS
357,B000QWFAIY
358,B000R4LD1Y
359,B000RA6GMY
360,B000RHZJN4
361,B000RL0O1C
362,B000RL2ZGO
363,B000RY46G8
364,B000RYPHRK
365,B000SAS5GI
366,B000SMEBX2
367,B000SMVQK8
368,B000SOPXBO
369,B000SOU0EY
370,B000SSTNLG
371,B000SSZNX8
372,B000TGDGLU
373,B000THCY3U
374,B000TUDOQ8
375,B000U6BSI2
376,B000UESR4C
377,B000ULAP4U
378,B000UO6C5S
379,B000UWYM5C
380,B000UY3NR8
381,B000V2H136
382,B000V5X826
383,B000VRREPG
384,B000VXG7LW
385,B000WEKLJE
386,B000WH6H1M
387,B000WJMM78
388,B000WL6YY8
389,B000WXH1Z2
390,B000WYVBR0
391,B000X1EOTO
392,B000X9EPT0
393,B000X9EQ7Q
394,B000X9O8SI
395,B000XSBVMU
396,B000YB862E
397,B000YPQ91U
398,B000Z31G3M
399,B000Z80ICM
400,B000ZIC18Q
401,B000ZK5UVY
402,B00109Y2DQ
403,B0010L1C28
404,B001202C44
405,B00123WZWK
406,B0012BL8LG
407,B0012BR1XU
408,B001342KM8
409,B0013441J8
410,B00139XOCI
411,B0013BM7TW
412,B0013CED4I
413,B0013CXZZ6
414,B0013FGVW2
415,B00140DBRY
416,B00140SC64
417,B001498LIO
418,B0014CQGW4
419,B0014IKQKG
420,B0014KKV7W
421,B0014KOB6Y
422,B0014QS1XC
423,B0014WRV32
424,B00154JDAI
425,B0015A6YN6
426,B0015A8Y5M
427,B0015ACUKC
428,B0015EWMX8
429,B0015V1H28
430,B0015YRMXI
431,B001630QZE
432,B00166EUI0
433,B0016AIYU6
434,B0016L679A
435,B0016OEV7C
436,B0017020M8
437,B001713L5C
438,B00176T9OY
439,B0017IHRNM
440,B0017SZT1E
441,B0017U0WM8
442,B0018AIF8A
443,B0018BQR84
444,B0018O9JIG
445,B0018P7WZ2
446,B0018RSEMU
447,B001985SWW
448,B0019D6H2M
449,B0019EHU8G
450,B0019FOUQ0
451,B0019HL8Q8
452,B0019R6SO0
453,B0019S3MCU
454,B0019X20R8
455,B001A0NA7E
456,B001A5PDKQ
457,B001AAVA08
458,B001AO2PXK
459,B001AQ9KTA
460,B001AQEQNA
461,B001ARQYRU
462,B001AW8W7A
463,B001B077PO
464,B001B11ZV0
465,B001B1YA7G
466,B001B2MRSE
467,B001BCNT0Y
468,B001BDP956
469,B001BMKNZI
470,B001BXS4LW
471,B001C1MGKI
472,B001C2KY7Y
473,B001CDK0MM
474,B001CFQUGA
475,B001CJF8DW
476,B001CJOLBW
477,B001CQG618
478,B001CQT0X4
479,B001CY0P7G
480,B001D33RWQ
481,B001DAT0XE
482,B001DFS49U
483,B001DIF3LO
484,B001DL9IBC
485,B001DTA6MY
486,B001E1UJFU
487,B001EAQTRI
488,B001EKCGT8
489,B001ELJ9QK
490,B001ET5O70
491,B001ET7C4I
492,B001EU9VSM
493,B001EZYMF4
494,B001F42MKG
495,B001F7AHOG
496,B001F7AJKI
497,B001F7HLRC
498,B001FA1O0O
499,B001FA1O18
500,B001FB4Z0O
501,B001FVPU9O
502,B001FWYGJS
503,B001GCTT6M
504,B001GS8FZ2
505,B001GWCC4I
506,B001H4B0AC
507,B001HBCVX0
508,B001J30FZM
509,B001J4ZOAW
510,B001J9OQM4
511,B001JT0CGI
512,B001JT1CEE
513,B001KBZ96I
514,B001KS6N7U
515,B001KUWGDS
516,B001KVZTFO
517,B001KYJQMI
518,B001L1H0SC
519,B001L5TVGW
520,B001LL5JDA
521,B001LQG28G
522,B001MZXUI6
523,B001NEK2GE
524,B001NS828K
525,B001NXC5YC
526,B001OAR26K
527,B001OBV7T2
528,B001OCY3RY
529,B001OORMVQ
530,B001PB8EEM
531,B001PB8EJ2
532,B001PBWNOY
533,B001PBYQHG
534,B001PHLMAE
535,B001PI9A52
536,B001PKUXN8
537,B001PLE1O4
538,B001PS9UKW
539,B001QATRCA
540,B001QNBUA4
541,B001QTVT4A
542,B001QVQ6IM
543,B001R1Q0OG
544,B001RB1XXY
545,B001S2RCWI
546,B001S2RCXW
547,B001S4OTS6
548,B001T9NUJE
549,B001TH7GUA
550,B001TH7GUK
551,B001TH7GUU
552,B001TH7GV4
553,B001TICH08
554,B001TIG36C
555,B001TKAE7O
556,B001TOD7ME
557,B001TOD7MO
558,B001TV08FQ
559,B001TZUS98
560,B001TZWNF0
561,B001U05R16
562,B001UE8ILI
563,B001UI2FPE
564,B001UI4RTG
565,B001ULC93O
566,B001V5J7YI
567,B001V5J82E
568,B001V9G4MM
569,B001VGW24E
570,B001VZERX4
571,B001W26TIW
572,B001WAKFDY
573,B001WB02Z4
574,B001XURP86
575,B001XXUOQI
576,B00200JZE0
577,B0020ZDI5C
578,B00212NO6W
579,B00213JO92
580,B0021AEAIK
581,B0021L8D9Q
582,B0023B14TK
583,B0024AKCTS
584,B0024NKLH8
585,B0025PKFUI
586,B0025VKUQG
587,B0026HT0BA
588,B0026IG6LQ
589,B0026SD96G
590,B0027FFZEW
591,B0027FGW3K
592,B0027VSSJU
593,B0027VT6V4
594,B0027YYMU6
595,B00281QTE0
596,B0028MB3HM
597,B0028N6YH0
598,B0028R3NCU
599,B0028RXHJ4
600,B0028RXHJE
601,B0028Y4CV4
602,B0029EGUNG
603,B0029U2YSA
604,B002AQSTXM
605,B002AR5XIK
606,B002BBJMO6
607,B002BDTFO6
608,B002BH3Z8E
609,B002BW7QCU
610,B002BWUJ1U
611,B002CGSYBM
612,B002CQU14A
613,B002D47XO2
614,B002DILLMS
615,B002DNGAZ6
616,B002DPUUL4
617,B002DS4HTM
618,B002EJHEPO
619,B002EPF6YO
620,B002ES1SRU
621,B002EUCU3O
622,B002FB7KX2
623,B002FFT8Z6
624,B002FFZGCU
625,B002FKCJ7A
626,B002FU5QMK
627,B002FWIVCA
628,B002FYYZFK
629,B002G1YPH0
630,B002G392ZI
631,B002GR1YZ0
632,B002GYWHSQ
633,B002HFDLCK
634,B002HMWQE2
635,B002HWRJBM
636,B002HWRJY4
637,B002HZHUCW
638,B002IC0YL8
639,B002IC0YLS
640,B002ISZD2C
641,B002IVTEH4
642,B002J9HBIO
643,B002JIMZU4
644,B002JPJ0QY
645,B002JPJ0SC
646,B002JTWRN8
647,B002KCMH6Q
648,B002KCO96C
649,B002L162HQ
650,B002LARRDK
651,B002LBROAA
652,B002LVUIK8
653,B002LVUIS0
654,B002M3SHXA
655,B002MMY4WY
656,B002MQ3SOA
657,B002MU1ZRS
658,B002N3MM6W
659,B002OFP6QW
660,B002OHKLJW
661,B002ONSZPI
662,B002PABWJQ
663,B002PAR1FK
664,B002PEVOPE
665,B002PMV780
666,B002PMVSXE
667,B002PXA73A
668,B002PY6X1E
669,B002QKZLZ6
670,B002QUZJAS
671,B002QUZM0U
672,B002QXOF7I
673,B002QZ11J6
674,B002R5A178
675,B002R9HQLI
676,B002RL9CYK
677,B002RM08RE
678,B002RMPHMU
679,B002RSO2PW
680,B002RWJD7A
681,B002RYYZZS
682,B002S0NJOE
683,B002S4027C
684,B002SB8LPA
685,B002SBB0SU
686,B002SIMPXM
687,B002SQG4TU
688,B002SR31H2
689,B002SZEOLG
690,B002TZ4CRG
691,B002U6KT8U
692,B002UED7QS
693,B002UQWGM2
694,B002UUTCMU
695,B002VKVZ1A
696,B002VPDQLC
697,B002VPE1Q6
698,B002VPE1WK
699,B002VPE1XE
700,B002VWJWWC
701,B002W2UCK2
702,B002WUPWC2
703,B002XISUDQ
704,B002XN7C6W
705,B002XQ1R7Y
706,B002Y6CJJ8
707,B002YETVXC
708,B002YIG9AQ
709,B002YK5OX2
710,B002YLAUU8
711,B002ZCW91Y
712,B002ZD3QJC
713,B002ZIN9DU
714,B00305GHAE
715,B00305GHF4
716,B0030C4K8I
717,B00318C5P6
718,B0031TRZX2
719,B0032HM6HS
720,B0032HM6JG
721,B0032PHZ1W
722,B0032Z73B4
723,B0033Z2BAQ
724,B0034CL2ZI
725,B0034CSUZ8
726,B0034JSYZ2
727,B0034JU9T6
728,B0034JXBSC
729,B0034XRDUA
730,B00357YS3A
731,B0035B4LJM
732,B0036E8V08
733,B0037NX6JY
734,B0037NYQ7K
735,B0037TO5C0
736,B00383O2UU
737,B00385XUG0
738,B00387G6R8
739,B0038JE07O
740,B0038KTAYQ
741,B0038OMEQI
742,B00393KNVQ
743,B0039BPG1A
744,B0039BPG1K
745,B0039ORBLK
746,B0039UU9UO
747,B003B3P2CY
748,B003B48UQ8
749,B003B4BBFK
750,B003BKGJ1A
751,B003BXKZZ8
752,B003BYRDNE
753,B003C1AO2I
754,B003C3QTRA
755,B003CJTR8M
756,B003CKC8W8
757,B003CN6Q5K
758,B003D8GAA0
759,B003DRMKXW
760,B003DTMXJ6
761,B003DV4234
762,B003DYZWNA
763,B003DZJQQI
764,B003ES5ZSW
765,B003ES61EE
766,B003F5NS9W
767,B003FSUDM4
768,B003FVX9FO
769,B003FVYXY0
770,B003FW0WIK
771,B003GVGX0Q
772,B003GW873G
773,B003GXM0EM
774,B003H4QPJQ
775,B003HC2FHE
776,B003HNBNEY
777,B003I4EL0K
778,B003I4FHNK
779,B003IT5F14
780,B003JTCAHK
781,B003K27CGA
782,B003KP8VSK
783,B003KPBRRW
784,B003L0OOM6
785,B003L0OOQM
786,B003L0OP20
787,B003L1ZYYW
788,B003L76BJS
789,B003LL1X1U
790,B003LNOPSG
791,B003LQZKIC
792,B003LXY2HA
793,B003M0NT1M
794,B003M2YT96
795,B003M8NVFS
796,B003MQBYYU
797,B003MTTJOY
798,B003MVZ60S
799,B003MXMWQ2
800,B003N0V6U2
801,B003N8GVUY
802,B003NR57BY
803,B003O1UYHG
804,B003O85BRC
805,B003O973OA
806,B003OICYZY
807,B003OQVLO6
808,B003P2UMQ2
809,B003P92D9Y
810,B003PBZNF8
811,B003QX2JMA
812,B003R28HWQ
813,B003RCI4OW
814,B003RCI5A0
815,B003RRY9SM
816,B003SQEAY0
817,B003SVSJ1K
818,B003SWLRLS
819,B003SX0S80
820,B003SZBSUK
821,B003T9VQ98
822,B003TG75EG
823,B003TZM6AK
824,B003UC93WQ
825,B003UE52ME
826,B003UGL8ES
827,B003UI62AG
828,B003UT6C9G
829,B003V57TEQ
830,B003V5B72G
831,B003V8ALAC
832,B003VAGXZC
833,B003VAHYNC
834,B003VAHYQY
835,B003VAK1I2
836,B003VANO7C
837,B003VANOFY
838,B003VSTDFG
839,B003VWXXXK
840,B003VWY0VY
841,B003W0C2HE
842,B003WGJYCY
843,B003WV5DBU
844,B003WWJIEW
845,B003X26LXW
846,B003X26VV4
847,B003XRES32
848,B003Y30334
849,B003Y3AA2S
850,B003YJ5L2Q
851,B003YJPC2A
852,B003YKGR5U
853,B003YLEXBO
854,B003Z34OME
855,B003Z4G3I6
856,B003ZDNKSS
857,B003ZFW0YQ
858,B003ZSHNGS
859,B003ZX8B0U
860,B003ZX8B2S
861,B003ZX8B3W
862,B003ZYF3M8
863,B003ZYPZ0I
864,B00400OL92
865,B00404SUZ4
866,B00405T24Q
867,B0040IUI46
868,B0040QE98O
869,B00413PHDM
870,B00416Q5KI
871,B0041A5I16
872,B0041L3JS4
873,B0041LYY6K
874,B0041MY32Y
875,B0041OOFE8
876,B0041OTZAM
877,B00425S1H8
878,B00426C57O
879,B0042F3K9W
880,B0042FV2SI
881,B0042X8XJ6
882,B0043L17NG
883,B0043M668G
884,B0043RTLNS
885,B0043T34RK
886,B0043T7FXE
887,B004412GTO
888,B00449F6I4
889,B0044YU60M
890,B00451BQIU
891,B00452NT2U
892,B00457WYOO
893,B0045BLP1S
894,B0045DMA42
895,B0045EOWS8
896,B0045TYDNC
897,B0045YMQ36
898,B0046EDHSS
899,B0046EDOWW
900,B0046RDR5I
901,B0046TJG1U
902,B0046TR4IW
903,B0046XRCP8
904,B0047E0EII
905,B0047E8DN6
906,B0047T79VS
907,B0047WZOOO
908,B0047X01Q4
909,B0047Y0JC4
910,B0047Y0UQO
911,B00483WRZ6
912,B00484IEJS
913,B004877KOK
914,B00488G6P8
915,B00492BASG
916,B00495YOZ4
917,B00495YP94
918,B004978NKY
919,B00499CTMA
920,B0049U49SG
921,B0049VGHOO
922,B0049YQVHE
923,B004AH10K8
924,B004AZ38Z0
925,B004BUVAS6
926,B004BZFQB8
927,B004C4XR00
928,B004CLYJ0U
929,B004CRSM4I
930,B004CYKEBK
931,B004D8NZ52
932,B004DBD4TG
933,B004EBX5GW
934,B004F7AR02
935,B004FNBWQ4
936,B004FP9P0M
937,B004G605OA
938,B004G60AD6
939,B004G7D0EG
940,B004GNGID0
941,B004GWSWCQ
942,B004HFS6Z0
943,B004HKIB6E
944,B004HO58SO
945,B004HT6TS2
946,B004HYGEOQ
947,B004HZYA6E
948,B004I1KJ8U
949,B004I2KA4M
950,B004I3ZRQM
951,B004I5UDO6
952,B004I8WD7S
953,B004I8WHC4
954,B004IEBTZ4
955,B004ILTH1K
956,B004IZN3K2
957,B004J6DLD4
958,B004JMZPJG
959,B004JMZPJQ
960,B004JV8ZUS
961,B004JWA70I
962,B004K1EZDS
963,B004K43I2Y
964,B004KSQANO
965,B004LBHGJC
966,B004LJ8N78
967,B004LQ1QQG
968,B004LT6O56
969,B004M8SSZK
970,B004MCJBJI
971,B004MF11MU
972,B004MYF7XU
973,B004MYFTFQ
974,B004N8ZQKY
975,B004NBL9WK
976,B004NBZ98K
977,B004ND78GE
978,B004NGVIIK
979,B004NQU4YY
980,B004NRP2SG
981,B004NSUMTO
982,B004OAFO0I
983,B004OB0EBQ
984,B004OGXY72
985,B004OSC8OK
986,B004OVECU0
987,B004P1IU5C
988,B004P2LEE0
989,B004PEIYMS
990,B004Q3C98S
991,B004Q4DRJW
992,B004Q7CK56
993,B004QGXNT4
994,B004QIPH5U
995,B004QM8SMA
996,B004QM8SMK
997,B004R7A9NU
998,B004RB73A8
999,B004RB7ATC
1000,B004RCNJ9Q
1001,B004RDWVUS
1002,B004REA7MG
1003,B004RF7QJW
1004,B004S4GZJE
1005,B004S76NH0
1006,B004SBBD1C
1007,B004SBBD8U
1008,B004SBBDD0
1009,B004SUO068
1010,B004SUO1QM
1011,B004SUO1R6
1012,B004T9RR6I
1013,B004TMHX1E
1014,B004TNL26U
1015,B004TS1J18
1016,B004TS1J1I
1017,B004TWWPMG
1018,B004UAKCS6
1019,B004UBMRKG
1020,B004UBU8IE
1021,B004UHJCFI
1022,B004UPYAI4
1023,B004UR487A
1024,B004UW0EMS
1025,B004VFH76A
1026,B004VFJ9MK
1027,B004VLYQGS
1028,B004VLYQHM
1029,B004VM0SE6
1030,B004VM1T5S
1031,B004VRMXZI
1032,B004VRQNS6
1033,B004VTAVLE
1034,B004VVLZN0
1035,B004W2GTMA
1036,B004WMP03E
1037,B004WT6Z54
1038,B004WYA852
1039,B004X28I0A
1040,B004X8EO6Q
1041,B004XC6GJ0
1042,B004XIT4NO
1043,B004XK4N9C
1044,B004XQWGHW
1045,B004XXMUCQ
1046,B004XZHY34
1047,B004YD3OUC
1048,B004YG7JV4
1049,B004YG7JXW
1050,B004YN239A
1051,B004Z0S7K6
1052,B004Z1CGTI
1053,B004Z9XG0I
1054,B004ZD820I
1055,B004ZEZB88
1056,B004ZGLM5W
1057,B004ZGN6MY
1058,B004ZKXXAU
1059,B004ZKXY7C
1060,B00511PS3C
1061,B00519EDIA
1062,B0051FWA7U
1063,B0051LSKQY
1064,B0051NKT84
1065,B0051NL2UI
1066,B0051OYT2U
1067,B0051PGX2I
1068,B0051VVOB2
1069,B0051XSIO6
1070,B0052BH5UU
1071,B0052BH690
1072,B0052BH6JU
1073,B0052EKXB0
1074,B0052EOP9Q
1075,B0052SCTLI
1076,B0052SCU8U
1077,B0053DDNW6
1078,B0053OLY9O
1079,B0053XMT9O
1080,B0053XMUDE
1081,B0053YLTBC
1082,B0054JJ0QW
1083,B0054L8MR8
1084,B00555ETXY
1085,B0055OLY88
1086,B0055PTUE2
1087,B0055QZ216
1088,B0056Y4ZD8
1089,B0057AVXJA
1090,B0057R0RL8
1091,B00585CLVS
1092,B005890G8Y
1093,B0058AH2US
1094,B0058I7CVE
1095,B0058NN6CS
1096,B0058OU8VY
1097,B0058RLD9C
1098,B0058VCYWS
1099,B0059KTEBC
1100,B005A0B7CA
1101,B005ARQV6U
1102,B005BFZ5N6
1103,B005BG7MK4
1104,B005BV0FHG
1105,B005BZNDS0
1106,B005C2914C
1107,B005CG2ATQ
1108,B005CLPP84
1109,B005CLPP8E
1110,B005CTCD6S
1111,B005CVNH1Q
1112,B005D2JE2A
1113,B005D5M136
1114,B005D6FX5S
1115,B005D6FZDS
1116,B005D6G5HS
1117,B005D6XZ4O
1118,B005D6Y1OM
1119,B005DEHVC8
1120,B005DIBHCE
1121,B005DIRI6I
1122,B005DJOIHE
1123,B005DL2OVE
1124,B005DLDO4U
1125,B005DOK8NW
1126,B005DSPLC6
1127,B005DSPLDA
1128,B005EAIXAU
1129,B005EIGUD4
1130,B005ES0YYA
1131,B005EZ0U1U
1132,B005F1PT32
1133,B005FDXMJS
1134,B005FHZ2SI
1135,B005FUNYSA
1136,B005G66HLY
1137,B005GI2VMG
1138,B005GM1Q1O
1139,B005GSR3XI
1140,B005GTNZUM
1141,B005H3Q5E0
1142,B005HJWWW8
1143,B005HQ5138
1144,B005HQ514C
1145,B005HS4RF4
1146,B005I72LMU
1147,B005IDQW3S
1148,B005IMB5SG
1149,B005J2L9KY
1150,B005J7Y99W
1151,B005JAIHNI
1152,B005JBWX46
1153,B005KG44V0
1154,B005KGNXTE
1155,B005KKMFOE
1156,B005KMDV9A
1157,B005L38VRU
1158,B005LKB0IU
1159,B005LZX9GG
1160,B005M08M2Q
1161,B005M08NE8
1162,B005M4IWNQ
1163,B005MHH2AC
1164,B005MKINUW
1165,B005MLB2S6
1166,B005MN2QHK
1167,B005MUHJ4I
1168,B005MX3958
1169,B005MX9PMO
1170,B005NC8BF6
1171,B005NF5NTK
1172,B005NGJLYW
1173,B005NGQWL2
1174,B005NHIQ06
1175,B005NHTG6O
1176,B005OJ4N6E
1177,B005ONMDYE
1178,B005OTPVMY
1179,B005P2BY5I
1180,B005PUZO92
1181,B005PZDVF6
1182,B005Q65ZIK
1183,B005QB4P54
1184,B005QB4X4C
1185,B005QT6F0E
1186,B005QX7KYU
1187,B005RUOUHW
1188,B005S0BYQ6
1189,B005S0KE7G
1190,B005SAKW9G
1191,B005SI8YZC
1192,B005SW94B6
1193,B005T4G0A6
1194,B005T7GXH8
1195,B005UE3C24
1196,B005UNPM3M
1197,B005UZHB6G
1198,B005VBNYDS
1199,B005W6FFU2
1200,B005W9V5VM
1201,B005WKIKA0
1202,B005X1Y7I2
1203,B005Y1CYSQ
1204,B005YQY5TM
1205,B005Z4ROIW
1206,B005Z5HT2M
1207,B005ZDLD6M
1208,B005ZDLEHK
1209,B0060EKFYG
1210,B0062EUE54
1211,B0062GG4XI
1212,B0063K4NN6
1213,B0064EL2DK
1214,B0064I7J2E
1215,B0064REJ3C
1216,B00650P2ZC
1217,B00651CLCS
1218,B0065DUJ0C
1219,B0065GDM5I
1220,B0067HXDE0
1221,B0067HY7HW
1222,B0067XXRZO
1223,B0068RU4LE
1224,B00691WMJG
1225,B006941Z6E
1226,B0069IT396
1227,B0069LY4KG
1228,B006AEVRB6
1229,B006BGZJJ4
1230,B006C1ILUC
1231,B006C1IM2E
1232,B006DEBYWU
1233,B006GDTTM0
1234,B006GWO5NE
1235,B006GWO5WK
1236,B006HUMYCO
1237,B006HXUXRY
1238,B006I0KL6Y
1239,B006I5MKZY
1240,B006J23H5S
1241,B006JCWGIC
1242,B006JH8T3S
1243,B006JNL87G
1244,B006JWMOOI
1245,B006LIW9OU
1246,B006MCDUZM
1247,B006MUMLK4
1248,B006OBRA52
1249,B006OICFBE
1250,B006OVZRT8
1251,B006P88VSE
1252,B006PHM9P6
1253,B006QB1RPY
1254,B006R0VWSG
1255,B006SROQ3Q
1256,B006T9B6R2
1257,B006T9ZKAQ
1258,B006TZM6XO
1259,B006U1AMCY
1260,B006U1YUW2
1261,B006U1YUZE
1262,B006U1YVZ8
1263,B006UKLUFS
1264,B006V72AHC
1265,B006VAD2C6
1266,B006VOU090
1267,B006W8U2MU
1268,B006W8U2WU
1269,B006WG5628
1270,B006Z0Q2SI
1271,B006ZGLRUU
1272,B006ZT4VA0
1273,B0070WU51U
1274,B00713RSE0
1275,B00721TUNS
1276,B00724W0N2
1277,B00728ZBA2
1278,B0073E3Q7A
1279,B0073PZ6O0
1280,B0073S5JOY
1281,B0074GVID6
1282,B00752ZKU6
1283,B00762YNMG
1284,B0076GEMGO
1285,B0077761MU
1286,B0077BB3VA
1287,B0077KWMF2
1288,B0077L8YOO
1289,B0078P9D8K
1290,B0078WMSZ8
1291,B00796D03C
1292,B0079KZZKO
1293,B0079T2KHG
1294,B0079TOI8K
1295,B007ABANFY
1296,B007ACTN54
1297,B007AQF0WK
1298,B007B5YUMQ
1299,B007B60SCG
1300,B007B6YPAM
1301,B007BZOGLG
1302,B007D3V00Q
1303,B007E8KCFY
1304,B007FH716W
1305,B007FMK4NE
1306,B007G5NNOW
1307,B007GFX0PY
1308,B007GJ5DN2
1309,B007GMPZ0A
1310,B007GNNH3Q
1311,B007HCCNJU
1312,B007IL72CI
1313,B007IL7AKM
1314,B007IMPMW4
1315,B007IVBET0
1316,B007K9OIMU
1317,B007KB0EGC
1318,B007KEZMX4
1319,B007KFLVTM
1320,B007KZQM8W
1321,B007L4IJPQ
1322,B007L5I7DY
1323,B007L5NKZO
1324,B007LLGMG2
1325,B007M4Z7GO
1326,B007M50PTM
1327,B007M6GEI2
1328,B007MASKF8
1329,B007MC6WGK
1330,B007NFJN0I
1331,B007NLEF3W
1332,B007O4JLHI
1333,B007OTF8RA
1334,B007OYAVLI
1335,B007OZNUCE
1336,B007OZNVNM
1337,B007OZNZG0
1338,B007OZNZQ0
1339,B007PC4FAM
1340,B007PE3FC4
1341,B007PJ4Q4A
1342,B007PTCFFW
1343,B007Q2TG5U
1344,B007Q45EF4
1345,B007R28B50
1346,B007S3T4O0
1347,B007S642BW
1348,B007S8S518
1349,B007SJGGAE
1350,B007SLDF7O
1351,B007SNCELA
1352,B007SP2CO2
1353,B007SPKR8U
1354,B007SZ0E1K
1355,B007T1CTF2
1356,B007T356BO
1357,B007T36PSM
1358,B007T43GME
1359,B007TISRBK
1360,B007TUQF9O
1361,B007TUSXEY
1362,B007UEA0CM
1363,B007UUWOF2
1364,B007UXTLFK
1365,B007V4IWIU
1366,B007VG761C
1367,B007VGGIB6
1368,B007WUX5GW
1369,B007YV0UQW
1370,B007YXA5TC
1371,B007YZ7CYQ
1372,B007YZ7DUO
1373,B007ZHXFJY
1374,B007ZT2KKM
1375,B007ZWL1ZE
1376,B00816GY4G
1377,B008194UIU
1378,B008195P34
1379,B0081ER9KG
1380,B0081FLFQE
1381,B0081H8TRA
1382,B0081IKTN6
1383,B0081UR76G
1384,B0081V2184
1385,B0081V55SM
1386,B0081V83AE
1387,B0081V8CXW
1388,B0081V8W0U
1389,B00823170Y
1390,B00825BZUY
1391,B0082D5660
1392,B0082E9K7U
1393,B00834SJ8K
1394,B0083I7TCI
1395,B0083J8D90
1396,B0083J8DFY
1397,B0083LW9PW
1398,B0083Q04IQ
1399,B0083UXMFO
1400,B0083UXMHC
1401,B008422IL0
1402,B008422JDM
1403,B0084M66RC
1404,B0084OPT8C
1405,B0085JRQIC
1406,B0086YC6JU
1407,B00871SR68
1408,B00875TVYQ
1409,B0087AQO3M
1410,B0087BDWBI
1411,B0087NZ31S
1412,B0087OZ5FG
1413,B0087X728K
1414,B0088CJT4U
1415,B0088HP93A
1416,B0088LYCZC
1417,B0088PPFP4
1418,B0088TKTY2
1419,B0088U4YAG
1420,B008915L2O
1421,B00894YP00
1422,B0089E5R0W
1423,B0089STHD6
1424,B0089W5NKI
1425,B0089W5Q1O
1426,B008A3KFB8
1427,B008A9TY50
1428,B008AJNF78
1429,B008AL9VXI
1430,B008ALA6DW
1431,B008ALAAV0
1432,B008ALV0V4
1433,B008AST7R6
1434,B008ASW57U
1435,B008B1125W
1436,B008BBCZ3K
1437,B008BDBPTS
1438,B008BRLNHI
1439,B008BVQ0AE
1440,B008CZ7PR6
1441,B008DBRFBK
1442,B008DFVQFW
1443,B008DJTB32
1444,B008DVMRXG
1445,B008DWH00K
1446,B008DWITHI
1447,B008EQYRRY
1448,B008EQZ25K
1449,B008F537KC
1450,B008FPTID2
1451,B008GAT8EU
1452,B008GFRE5A
1453,B008GGH4FY
1454,B008GPR888
1455,B008GVL9YQ
1456,B008GVOVK0
1457,B008H08JZ8
1458,B008H0QXT2
1459,B008H0QXYC
1460,B008H2OEKK
1461,B008H2OELY
1462,B008HMWC4A
1463,B008HPSP5M
1464,B008HPVOCS
1465,B008I2175E
1466,B008I21EA2
1467,B008I638AM
1468,B008I63HDA
1469,B008I640HW
1470,B008I64126
1471,B008I646WG
1472,B008I647AM
1473,B008I647MA
1474,B008I647YS
1475,B008I648Q0
1476,B008I64J9G
1477,B008I64LC6
1478,B008I64QVW
1479,B008I64TOQ
1480,B008I64UF4
1481,B008J0Z9TA
1482,B008JC76XA
1483,B008JGZMZK
1484,B008JR72SO
1485,B008JR9W5U
1486,B008KEPWMY
1487,B008KRZDYI
1488,B008KVUAGU
1489,B008LFTCAK
1490,B008MLAT78
1491,B008MWBY6W
1492,B008NN54M0
1493,B008ODMSO6
1494,B008OEHPKM
1495,B008OEHPPM
1496,B008OEHV6U
1497,B008OV4FD0
1498,B008PC1FYK
1499,B008PQ1QOA
1500,B008R523N2
1501,B008R6OPJQ
1502,B008R6OPQE
1503,B008RBHP98
1504,B008RKEIZ8
1505,B008RV51EE
1506,B008RXYOKY
1507,B008RZJHJU
1508,B008SFPMRK
1509,B008SYWFNA
1510,B008THTK52
1511,B008TNH0E4
1512,B008U3038I
1513,B008UFUXEU
1514,B008UHKTCY
1515,B008VOPF8O
1516,B008X3KQ82
1517,B008XBADDM
1518,B008XVAVAW
1519,B008YDUTRO
1520,B008YQAFH0
1521,B008YS1WXE
1522,B008YS1ZAO
1523,B008YT59Q4
1524,B00902SFC4
1525,B00904JILO
1526,B00906D9YE
1527,B00906E03I
1528,B0090XWU8S
1529,B0090Z3SPU
1530,B00915OTZC
1531,B0092HWU7S
1532,B0092KJ9BU
1533,B0092KZBCQ
1534,B0092ML0OC
1535,B0092ZCKXO
1536,B0093162RM
1537,B0093F4ROI
1538,B0093H4WT6
1539,B0093HMLAS
1540,B0093JKBYO
1541,B009416CVC
1542,B00947LCZW
1543,B0095P2F1S
1544,B0095PZHPE
1545,B0096239G0
1546,B0096LZ5QI
1547,B0096M8VR2
1548,B0096PLB9O
1549,B0096U26QQ
1550,B009756DPK
1551,B00976DCQC
1552,B0097AQT2C
1553,B0097BEFKE
1554,B0097BEFWC
1555,B0097JLRZM
1556,B0098QV038
1557,B0098Y77OG
1558,B0098Y77U0
1559,B00993E8B6
1560,B0099SMFP2
1561,B0099TX7O4
1562,B009A9HPPU
1563,B009AW6SXC
1564,B009CCOI9Q
1565,B009CP4PIW
1566,B009D156NS
1567,B009DMFOVG
1568,B009E87SD6
1569,B009EUPMFK
1570,B009F7TXMK
1571,B009FU8BTI
1572,B009GG06F8
1573,B009GXZ8MM
1574,B009HQCAPQ
1575,B009HQHPB0
1576,B009JPBPWO
1577,B009JXPS6U
1578,B009KY58FE
1579,B009KYY8U0
1580,B009L7G8GI
1581,B009LA107W
1582,B009LGLEFY
1583,B009M27MB2
1584,B009MGGWQE
1585,B009NE7B06
1586,B009NHAF06
1587,B009NLTW60
1588,B009NPJ0RW
1589,B009NQLT0M
1590,B009O086MQ
1591,B009OBCAW2
1592,B009OWRMZ6
1593,B009OWVUJ0
1594,B009OXTWZI
1595,B009PLQ5H2
1596,B009QBIZ60
1597,B009RBN6I6
1598,B009RUPD7E
1599,B009RUZ7TS
1600,B009RVNLW2
1601,B009RVUYAY
1602,B009RVVO2Q
1603,B009RWAYTE
1604,B009S2CXLK
1605,B009S4FMB6
1606,B009SD35IO
1607,B009SJ7UWU
1608,B009SPWCFY
1609,B009T3EYHO
1610,B009T4WYQ6
1611,B009TS84RK
1612,B009UDYQJ4
1613,B009UNGYHG
1614,B009UOIAEU
1615,B009VCAJ7W
1616,B009WU5XUG
1617,B009X0167Y
1618,B009X3UW2G
1619,B009XI11L2
1620,B009Y9K5SU
1621,B009YCP1LS
1622,B009YM7URQ
1623,B009YQ6FCI
1624,B009YQ8BTI
1625,B009ZGK6QS
1626,B009ZIILLI
1627,B009ZQKMDA
1628,B00A1MEP6M
1629,B00A1W44PO
1630,B00A2E1MQA
1631,B00A2KD8NY
1632,B00A30FELW
1633,B00A35X6GM
1634,B00A36QXI4
1635,B00A36QZ1Y
1636,B00A3KKL56
1637,B00A3YN0Z0
1638,B00A44JSFK
1639,B00A4ZXE40
1640,B00A83I8G2
1641,B00AA9Q94C
1642,B00AAA18IS
1643,B00AAIPT76
1644,B00ADICJHQ
1645,B00AGABISW
1646,B00AGV7T5W
1647,B00AHU1VKG
1648,B00AHU2QH8
1649,B00AJHDZSI
1650,B00AL1EUAO
1651,B00ANCXJR6
1652,B00ANFMWLC
1653,B00AO1XFM0
1654,B00AOGZ80C
1655,B00AQ9NIO0
1656,B00AQM8586
1657,B00AQRUW4Q
1658,B00ARKS3XO
1659,B00ASLSQHK
1660,B00AT0CMPC
1661,B00ATLV310
1662,B00ATNHK9W
1663,B00AVLOHJ8
1664,B00AW2QT8I
1665,B00AWKC0EC
1666,B00AWKC0JM
1667,B00AWLBE6G
1668,B00AWRUIY4
1669,B00AWYMXZY
1670,B00AXX0IC4
1671,B00AYJFXIQ
1672,B00AZBINXA
1673,B00AZBIXHG
1674,B00AZBIZTW
1675,B00B0CQCCC
1676,B00B0RD2RA
1677,B00B1N06PO
1678,B00B3OA7R8
1679,B00B3P15M8
1680,B00B3P1IGG
1681,B00B46XKKQ
1682,B00B4G2YXA
1683,B00B4QESVQ
1684,B00B5RGAWY
1685,B00B6ZCNGM
1686,B00B71NRI8
1687,B00B71NVGG
1688,B00B78MT44
1689,B00B7GV4JC
1690,B00B981F1U
1691,B00B98A7KK
1692,B00B9996LA
1693,B00B9BOC1C
1694,B00BARHMIU
1695,B00BARHPR8
1696,B00BCA40S0
1697,B00BCGRX9M
1698,B00BCWA6TK
1699,B00BCY1AA2
1700,B00BEJ83MI
1701,B00BEW8MVC
1702,B00BEW9BBW
1703,B00BEZZBFO
1704,B00BFDHVAS
1705,B00BGBU3X6
1706,B00BGIQS1A
1707,B00BGO0QEO
1708,B00BH5W848
1709,B00BH61UV4
1710,B00BHV4M0K
1711,B00BIFNTMC
1712,B00BJH6A1Q
1713,B00BMJ7IO4
1714,B00BN5Z2WM
1715,B00BONB6SW
1716,B00BONB8FS
1717,B00BOXNSRY
1718,B00BPO9HOA
1719,B00BQ5RY1G
1720,B00BQ5RYI4
1721,B00BQTT1OK
1722,B00BS53K4O
1723,B00BS53LN4
1724,B00BSDP7FG
1725,B00BSKY1M4
1726,B00BSYCZZ0
1727,B00BT7RAPG
1728,B00BT8L2MW
1729,B00BTKGHDE
1730,B00BUCLVZU
1731,B00BUN1WXA
1732,B00BUN22KC
1733,B00BUSDVBQ
1734,B00BVKRPIS
1735,B00BVRQEKG
1736,B00BWF5U0M
1737,B00BWH2SWI
1738,B00BWYO0CM
1739,B00BX0YKX4
1740,B00BXK7LX0
1741,B00BXQ0370
1742,B00BXX0QVQ
1743,B00BY15UK4
1744,B00BZC31WQ
1745,B00C28L138
1746,B00C28L51G
1747,B00C28L5UW
1748,B00C28L6XI
1749,B00C2PJVCE
1750,B00C351GBC
1751,B00C4P6AKS
1752,B00C4VSJD8
1753,B00C4XVOOC
1754,B00C5K8E1A
1755,B00C5V3NCE
1756,B00C8U3FBG
1757,B00C9EYVGY
1758,B00C9FLSLY
1759,B00C9TEBJQ
1760,B00C9UFTGO
1761,B00C9UJLOU
1762,B00C9V0OBI
1763,B00CBNG10C
1764,B00CC0XEBI
1765,B00CCILYDA
1766,B00CCJNYR8
1767,B00CCYM27Q
1768,B00CD0I8EK
1769,B00CD1FB26
1770,B00CD4221G
1771,B00CD5J8HQ
1772,B00CD5NI0E
1773,B00CDGSNL2
1774,B00CDJJZV6
1775,B00CDL33Q2
1776,B00CE58ZYC
1777,B00CE8DUYY
1778,B00CE8DXR8
1779,B00CE8E0FW
1780,B00CEILY9W
1781,B00CES44EO
1782,B00CF4G7JC
1783,B00CF5OGP8
1784,B00CHDSPSM
1785,B00CHKQ28U
1786,B00CHT6CRC
1787,B00CI3BLPA
1788,B00CJ1HF7O
1789,B00CJ27AVO
1790,B00CJGIWIA
1791,B00CJHXY0U
1792,B00CK3WZ9Y
1793,B00CL58K0Y
1794,B00CL8F98W
1795,B00CLH5O9W
1796,B00CM0PL1E
1797,B00CMTDVD0
1798,B00CN8BQV4
1799,B00CNMYP0E
1800,B00CNY4NTK
1801,B00CO07C5A
1802,B00CO07C5U
1803,B00CO8TBQ0
1804,B00COC83HY
1805,B00COF3X94
1806,B00COII2M4
1807,B00COK3FD8
1808,B00COKNKS8
1809,B00COW5E3A
1810,B00COYOAYW
1811,B00CP41TAY
1812,B00CP6QLY6
1813,B00CQ8IXIK
1814,B00CQLJESK
1815,B00CRQUKQ4
1816,B00CRZ2PRM
1817,B00CTFMD1S
1818,B00CTUXKWY
1819,B00CUD1M66
1820,B00CVHIJDK
1821,B00CW6QESM
1822,B00CWLYLWS
1823,B00CWN8IK2
1824,B00CX2AMJ2
1825,B00CX5P8FC
1826,B00CXL0P5O
1827,B00CYX26BC
1828,B00CYX54C0
1829,B00CZA0MAQ
1830,B00CZA1A66
1831,B00CZDT30S
1832,B00D0L5BH8
1833,B00D2CO8WO
1834,B00D2CSIUW
1835,B00D2ZDY2Q
1836,B00D38XF6M
1837,B00D5KK9QC
1838,B00D5V65S2
1839,B00D68H6MS
1840,B00D68ZVY8
1841,B00D69U1B0
1842,B00D6LB1R6
1843,B00D6Y2OP6
1844,B00D75RXYG
1845,B00D76RNLS
1846,B00D7CWSCG
1847,B00D7KGLF8
1848,B00D856NOG
1849,B00D8GI9BA
1850,B00D8VQXYU
1851,B00D8VR1P0
1852,B00D8Y1YNC
1853,B00DB8NSG6
1854,B00DBTONPK
1855,B00DBV28TG
1856,B00DBX371C
1857,B00DC8IEE6
1858,B00DCD9918
1859,B00DDK1QUC
1860,B00DEJXRAE
1861,B00DG6FOV0
1862,B00DGJS5NG
1863,B00DGJSDQ0
1864,B00DGM6ZE4
1865,B00DGRUY3M
1866,B00DGUSFJY
1867,B00DHHOZBI
1868,B00DHJ5QP0
1869,B00DHZP4II
1870,B00DI12GSM
1871,B00DI12KRO
1872,B00DI12MQ8
1873,B00DIFIM36
1874,B00DIFIO8E
1875,B00DIFIP06
1876,B00DJ5XH4O
1877,B00DMCVKMU
1878,B00DMJI9TA
1879,B00DMKGPP4
1880,B00DNGOJD2
1881,B00DOB1SPS
1882,B00DOPNKLY
1883,B00DPC015E
1884,B00DQ5RHK2
1885,B00DQJME7Y
1886,B00DQJTYGS
1887,B00DR0C96S
1888,B00DR737G2
1889,B00DR8LAE2
1890,B00DR8LB4Q
1891,B00DRG1SLO
1892,B00DS4G2AW
1893,B00DSST17O
1894,B00DTXA578
1895,B00DU0X4WI
1896,B00DUCB65I
1897,B00DUG0A7E
1898,B00DULWSXI
1899,B00DV6SLP6
1900,B00DVFLJKQ
1901,B00DVRUTXW
1902,B00DW374W4
1903,B00DWFPDJI
1904,B00DWFPDNO
1905,B00DY1HTTM
1906,B00DY2Y28M
1907,B00DYNRWX8
1908,B00DYNS90I
1909,B00DYQYITG
1910,B00DYQYIZU
1911,B00DYQYJ3Q
1912,B00DYQYLP2
1913,B00DZYEXPQ
1914,B00E005QV4
1915,B00E0FUFVK
1916,B00E0ISM6M
1917,B00E0ISVLI
1918,B00E0J0EL2
1919,B00E1CRC86
1920,B00E1NPB3I
1921,B00E2UTU3W
1922,B00E362W9O
1923,B00E363R02
1924,B00E3CHLLC
1925,B00E3RCR8Y
1926,B00E3W15P0
1927,B00E3W16OU
1928,B00E3W1726
1929,B00E45043A
1930,B00E4TOWR0
1931,B00E56J7FY
1932,B00E56OIWG
1933,B00E57BSMI
1934,B00E5NOXM4
1935,B00E5TQ3OY
1936,B00E6GRHBO
1937,B00E8928R2
1938,B00E98O7GC
1939,B00E9IF9RI
1940,B00E9IFDBU
1941,B00E9MD700
1942,B00E9W1ULS
1943,B00EB90RFY
1944,B00ECDM78E
1945,B00EEOSZK0
1946,B00EHFJGW2
1947,B00EHFJJHY
1948,B00EHZYWGM
1949,B00EI7DPI0
1950,B00EIB70N2
1951,B00EJ0VSVW
1952,B00EJ9CQKA
1953,B00EJQQUM8
1954,B00EKOOBA2
1955,B00EKTN01S
1956,B00EL94RQE
1957,B00EL94Z4I
1958,B00EN9Q35A
1959,B00ENA3XWK
1960,B00ENA46UI
1961,B00ENFP224
1962,B00ENH915G
1963,B00ENZRP0G
1964,B00EO0JZLC
1965,B00EO6X7PG
1966,B00EOEDJ9W
1967,B00EOI3VC8
1968,B00EOL1OYC
1969,B00EQT0YK2
1970,B00ERJXTE4
1971,B00ESCL0KA
1972,B00ESHDGOI
1973,B00ESHE1OM
1974,B00ESM3JUY
1975,B00ET0669Q
1976,B00ETZ8IDI
1977,B00EU5W1VC
1978,B00EUAFAF6
1979,B00EUC0F5O
1980,B00EUC0ODW
1981,B00EUC3FLA
1982,B00EUC9RKI
1983,B00EUPV2RQ
1984,B00EUY59Z8
1985,B00EVO6ETC
1986,B00EVSF87M
1987,B00EW1QLW4
1988,B00EWCUK1Q
1989,B00EWCUK98
1990,B00EXK14S0
1991,B00EYXZI4M
1992,B00EZ1ZTV0
1993,B00EZI26DW
1994,B00EZMT01Y
1995,B00EZMZTBO
1996,B00EZMZULI
1997,B00EZQQEMS
1998,B00F0DD0I6
1999,B00F0IQTE8
2000,B00F0R72JU
2001,B00F0R9V76
2002,B00F0RBF3E
2003,B00F0W1RIW
2004,B00F19Q7YI
2005,B00F1SHFJA
2006,B00F1WZROQ
2007,B00F25Z0FS
2008,B00F36USAS
2009,B00F39GAMK
2010,B00F3J9EGO
2011,B00F3QFKNS
2012,B00F3T970C
2013,B00F5JV4NS
2014,B00F5NB7JK
2015,B00F5NB7MW
2016,B00F67TLFC
2017,B00F8WVMSE
2018,B00FA4Y66U
2019,B00FA4Y7N2
2020,B00FA4Y82W
2021,B00FB1NTP6
2022,B00FB45USW
2023,B00FB50S0Q
2024,B00FB50SBU
2025,B00FBMJK9Y
2026,B00FCLG65U
2027,B00FDK2G2C
2028,B00FE8MKTM
2029,B00FE9R4DI
2030,B00FEAQ7WG
2031,B00FEOB4EI
2032,B00FESIZPA
2033,B00FF75XG4
2034,B00FFJ0HUE
2035,B00FFM7UKG
2036,B00FFVER08
2037,B00FFVESHK
2038,B00FFVETII
2039,B00FFVYSE8
2040,B00FG0U4BO
2041,B00FG7MZP0
2042,B00FGARIM2
2043,B00FGCC3FW
2044,B00FGPWJXA
2045,B00FHASA3W
2046,B00FJG5T4W
2047,B00FJILVDS
2048,B00FJJ38HY
2049,B00FJRS5BA
2050,B00FK4INCS
2051,B00FL3N6O8
2052,B00FL3URX6
2053,B00FLMMSUM
2054,B00FMW7ATK
2055,B00FN4M1E6
2056,B00FNPD1VW
2057,B00FO0IHMY
2058,B00FOHDK7O
2059,B00FONBG1A
2060,B00FOT9W5Q
2061,B00FPAVUHC
2062,B00FPIMICA
2063,B00FPIMJEW
2064,B00FPLMSK4
2065,B00FPQHCWS
2066,B00FRMAOIO
2067,B00FSA8VQ2
2068,B00FW6T36Y
2069,B00FWK8UWI
2070,B00FWOKAHM
2071,B00FX0LBGE
2072,B00FXOFO7W
2073,B00FXSU43W
2074,B00FXYTLIK
2075,B00FYKRIA6
2076,B00FZ9SMVU
2077,B00FZWZYWM
2078,B00FZYT278
2079,B00G00BT72
2080,B00G059G86
2081,B00G05A2MU
2082,B00G0NR162
2083,B00G0NRCIY
2084,B00G0T3CE6
2085,B00G2XGC88
2086,B00G3788AS
2087,B00G3KTM3W
2088,B00G46CR00
2089,B00G4SA1FG
2090,B00G4UQ6U8
2091,B00G56ZNZU
2092,B00G5AEZOQ
2093,B00G5N0ZZQ
2094,B00G6D6JXC
2095,B00G7H793G
2096,B00G7UY3EG
2097,B00G9BNAKG
2098,B00GBATPFO
2099,B00GBATPIG
2100,B00GDHAT3W
2101,B00GEXJH4W
2102,B00GFM2RHQ
2103,B00GFNH9H8
2104,B00GFOXPZM
2105,B00GFOXW0U
2106,B00GGVPKKC
2107,B00GGYU8TC
2108,B00GHKSOIM
2109,B00GHUHMUS
2110,B00GHY5F3K
2111,B00GHY5JAO
2112,B00GIGGS6A
2113,B00GIMLTXQ
2114,B00GJFGE0K
2115,B00GJKXYI0
2116,B00GM0OZ4O
2117,B00GMDX1WI
2118,B00GN7GVCK
2119,B00GNQ10VS
2120,B00GOILYB6
2121,B00GOX22WQ
2122,B00GP3XLYI
2123,B00GPAFHIO
2124,B00GPL2ZJ2
2125,B00GPUH6SI
2126,B00GQFTG3K
2127,B00GQPVVCY
2128,B00GR8KEMS
2129,B00GSXFKYY
2130,B00GUAUNP6
2131,B00GUX2YTQ
2132,B00GVA3BS6
2133,B00GVLKCF0
2134,B00GWC2S3M
2135,B00GWVMMNO
2136,B00GXOOL4S
2137,B00GXXJF72
2138,B00GY0UB54
2139,B00GZBW272
2140,B00H290386
2141,B00H2GTXKS
2142,B00H33SDR4
2143,B00H33SFJU
2144,B00H3SWJ24
2145,B00H7LOLT6
2146,B00H7PBWK8
2147,B00H84WRK2
2148,B00H8JVFCI
2149,B00H8JVHBC
2150,B00H8JVHP8
2151,B00H8JVHZI
2152,B00H8MWJ7U
2153,B00H8W54EK
2154,B00H94VK6S
2155,B00H9XGTXI
2156,B00HC0ZDOE
2157,B00HCB6QS0
2158,B00HE9G3UQ
2159,B00HEAJLFO
2160,B00HEEOQBO
2161,B00HEGP40E
2162,B00HETRYOU
2163,B00HEU1JGI
2164,B00HF8K0O6
2165,B00HFAEBWG
2166,B00HFEJNNO
2167,B00HG7HO22
2168,B00HHAJRU0
2169,B00HHEAMXC
2170,B00HIXSAXQ
2171,B00HL3TBDQ
2172,B00HLGJR50
2173,B00HLSTYNS
2174,B00HMCHUCU
2175,B00HN0VVSK
2176,B00HNCPR92
2177,B00HNO81WK
2178,B00HPM1G8Q
2179,B00HPMCO4Q
2180,B00HPMCO6O
2181,B00HQ883QW
2182,B00HQ883T4
2183,B00HQ9EA86
2184,B00HQDU2MA
2185,B00HQQJ3N6
2186,B00HQWLHJI
2187,B00HR7FWUC
2188,B00HRKI5V2
2189,B00HRUC1OO
2190,B00HSMK59E
2191,B00HSOUQXM
2192,B00HT6GFX4
2193,B00HT9MA1W
2194,B00HUB0ONK
2195,B00HV9V17Y
2196,B00HVG7SYW
2197,B00HX0SRXW
2198,B00HXALCZM
2199,B00HY2NA5Y
2200,B00I0C57BM
2201,B00I0NGWRY
2202,B00I0S6SK0
2203,B00I0YNYSI
2204,B00I3LDJJW
2205,B00I3ULRH4
2206,B00I3UWD40
2207,B00I3UWDV8
2208,B00I58VB3Y
2209,B00I59VBH4
2210,B00I59XQKO
2211,B00I5HJ4A2
2212,B00I5SW8MC
2213,B00I83XEQI
2214,B00I8BICB2
2215,B00I8IVQ9K
2216,B00I8Q307S
2217,B00I8WFKR0
2218,B00I8Y6V9E
2219,B00I937QEI
2220,B00I9IML3O
2221,B00IACID2C
2222,B00IAKLM54
2223,B00IBPLI48
2224,B00ICDAAXO
2225,B00ICDABYC
2226,B00ICFK9ZQ
2227,B00IE2J0SO
2228,B00IEYHMPK
2229,B00IF0JAIU
2230,B00IF0JAYE
2231,B00IF70QCW
2232,B00IF70T4M
2233,B00IF70TO2
2234,B00IG386OK
2235,B00IG9LSGM
2236,B00IGISUTG
2237,B00IHS1XI0
2238,B00IHUWW06
2239,B00IHVNMYK
2240,B00IICMUWS
2241,B00IIFW2L4
2242,B00IIVRB3W
2243,B00IJ0R02Y
2244,B00IJ1SQV2
2245,B00IJ2J2K0
2246,B00IJ3ZEWE
2247,B00IJ8J7BI
2248,B00IJ9S11O
2249,B00IJ9S36C
2250,B00IJ9S470
2251,B00IJCJEGM
2252,B00IJQ5IDG
2253,B00IJU0K2Q
2254,B00IJYH02U
2255,B00IK2OQM8
2256,B00IK66LP4
2257,B00IKAQ538
2258,B00IKC14OG
2259,B00IKDETOC
2260,B00IL7BWGA
2261,B00IM1ML74
2262,B00IM3P8GS
2263,B00IN2FTEE
2264,B00INKHXY0
2265,B00INMB23Q
2266,B00INNP5VU
2267,B00INO6JX2
2268,B00IO8NI0Y
2269,B00IO9PBPS
2270,B00IOS19E6
2271,B00IOWB438
2272,B00IQBSW28
2273,B00IR77HMW
2274,B00IRQNHTK
2275,B00IRZMYN6
2276,B00ISRUFXY
2277,B00ISVKHBK
2278,B00IT5L49E
2279,B00ITC4E9Y
2280,B00ITORMDC
2281,B00IU6R2AW
2282,B00IUICTMQ
2283,B00IUUN6L2
2284,B00IVPU786
2285,B00IVPU7AO
2286,B00IVPU7KE
2287,B00IVS8STI
2288,B00IWA1MNE
2289,B00IWOJS9A
2290,B00IWQREOE
2291,B00IWSQQIW
2292,B00IX87W1Q
2293,B00IY0J536
2294,B00IYETYX8
2295,B00IYOCBMO
2296,B00IYOCFWU
2297,B00IYOJD84
2298,B00J10U7TY
2299,B00J19AR7W
2300,B00J1YE0WA
2301,B00J24PN20
2302,B00J2M8Z4A
2303,B00J2OU8K2
2304,B00J2TGZTK
2305,B00J46XO9U
2306,B00J4EZE4U
2307,B00J4NLOOU
2308,B00J4NMTMQ
2309,B00J56YSLM
2310,B00J65WQHU
2311,B00J7KM5X4
2312,B00J8NCVX4
2313,B00JABGJSM
2314,B00JB31RYK
2315,B00JBJ6VG8
2316,B00JBT6F3W
2317,B00JDRHQ58
2318,B00JDVRCI0
2319,B00JEI9M1W
2320,B00JFC9ALE
2321,B00JFC9BJU
2322,B00JFR2H64
2323,B00JGAOKA6
2324,B00JH8398Q
2325,B00JH83DU0
2326,B00JH87ZSQ
2327,B00JH88D1O
2328,B00JH98GR4
2329,B00JIKLJ08
2330,B00JIKNBN6
2331,B00JIKVKS4
2332,B00JIQO008
2333,B00JJGFRIQ
2334,B00JJNQG98
2335,B00JKM077A
2336,B00JLV4BWC
2337,B00JLVNF2O
2338,B00JNJPS4W
2339,B00JO64MY6
2340,B00JO6RO8C
2341,B00JO80LUI
2342,B00JOJUOBS
2343,B00JP45F7U
2344,B00JP6HQBG
2345,B00JPYHHCG
2346,B00JQ9W9U0
2347,B00JQTO8TU
2348,B00JR5AJAK
2349,B00JRGOKQ8
2350,B00JT0E56M
2351,B00JT3VDB4
2352,B00JTFS8NI
2353,B00JU24Z3W
2354,B00JX3Q28Y
2355,B00JXU5I3C
2356,B00JYFODXW
2357,B00JYFT4PO
2358,B00JZFG6QS
2359,B00JZWQTKO
2360,B00K2E4S8Y
2361,B00K2MAU5Q
2362,B00K34HUKQ
2363,B00K35MU0K
2364,B00K3EPYP4
2365,B00K4QX99O
2366,B00K4UIO9K
2367,B00K4VQZCM
2368,B00K5U78DC
2369,B00K5ZYG5U
2370,B00K65NN80
2371,B00K6C73ES
2372,B00K85X23O
2373,B00K85X2AW
2374,B00K8GZED4
2375,B00K8MTPEW
2376,B00K9UZA1A
2377,B00KATWRIY
2378,B00KAZ12OS
2379,B00KBQ7U10
2380,B00KC0HVTQ
2381,B00KCVZ2FA
2382,B00KD13ZXK
2383,B00KD165CS
2384,B00KDVJLJW
2385,B00KEVG4L4
2386,B00KF7MVI2
2387,B00KF9IVKC
2388,B00KFAGCUM
2389,B00KFAGCWK
2390,B00KFCRATC
2391,B00KFCRF1A
2392,B00KFD0SMC
2393,B00KFD0SYK
2394,B00KGV6YT4
2395,B00KHLN7K2
2396,B00KHR4T8U
2397,B00KIG49BW
2398,B00KIVD1PC
2399,B00KJGY3TO
2400,B00KJLMBQQ
2401,B00KJLMBSO
2402,B00KK4B37U
2403,B00KK8ZLEC
2404,B00KKAQYXM
2405,B00KLZLBCK
2406,B00KNNSKV0
2407,B00KO99GB6
2408,B00KPLTVR2
2409,B00KPRWAX8
2410,B00KPRWB9G
2411,B00KQFO12W
2412,B00KQU1C60
2413,B00KQWXTE6
2414,B00KR4XB64
2415,B00KR4XJK2
2416,B00KR6XXZ6
2417,B00KR9OIPW
2418,B00KR9OIZM
2419,B00KRVQ21S
2420,B00KS6Y8VI
2421,B00KT7DOSE
2422,B00KTW80NI
2423,B00KW65M4Q
2424,B00KWHMR6G
2425,B00KWR8ME2
2426,B00KWRQQPE
2427,B00KWTXVOQ
2428,B00KX1ZNF8
2429,B00KX4TORI
2430,B00KX9XFCS
2431,B00KXTZ3BE
2432,B00KXWI1JW
2433,B00KXWI7EG
2434,B00KXYXXK2
2435,B00KY426U4
2436,B00KYCEZQO
2437,B00KYF1LLI
2438,B00KYWL6E8
2439,B00L0YLRUW
2440,B00L10CO7U
2441,B00L1LXOWS
2442,B00L1Y11D4
2443,B00L2P0KNO
2444,B00L3KNOF4
2445,B00L3KNY22
2446,B00L3KNZZ8
2447,B00L3KSKYY
2448,B00L3KSQ8E
2449,B00L49X8E6
2450,B00L4HWY3E
2451,B00L4RYCMU
2452,B00L5G2074
2453,B00L5GDOS8
2454,B00L7UZMAK
2455,B00L90R2H4
2456,B00L9BUM48
2457,B00L9EPT8O
2458,B00L9V8GSW
2459,B00L9WJZW2
2460,B00L9X2CWQ
2461,B00L9X59OE
2462,B00LA6POK4
2463,B00LB22J78
2464,B00LBPUBUC
2465,B00LBQR18Q
2466,B00LBX7LUM
2467,B00LD3Q56G
2468,B00LE7790C
2469,B00LFUNGU0
2470,B00LFX1UDM
2471,B00LG6DQUI
2472,B00LGLHU0K
2473,B00LH7MFW6
2474,B00LHERVM8
2475,B00LI766E8
2476,B00LI9DUG8
2477,B00LIP10KK
2478,B00LIW3X3K
2479,B00LIW4A14
2480,B00LIWB34Q
2481,B00LJNPYRQ
2482,B00LK77UX2
2483,B00LM5N4OG
2484,B00LMC4I94
2485,B00LNNESZ6
2486,B00LNNHVUK
2487,B00LORGAG6
2488,B00LP6CFEC
2489,B00LPPHHFK
2490,B00LQIQWE8
2491,B00LRK7JZG
2492,B00LSGKEC4
2493,B00LSS10PM
2494,B00LSYYK1M
2495,B00LT0ZWJE
2496,B00LTHBCNM
2497,B00LU2HVDQ
2498,B00LU2HXRK
2499,B00LU2I3V0
2500,B00LU2I428
2501,B00LUF3DOY
2502,B00LVP87VM
2503,B00LVQ7IWA
2504,B00LWHU9D8
2505,B00LWHUBPO
2506,B00LWHUCRQ
2507,B00LX3P2XS
2508,B00LX3PDIC
2509,B00LX4RJXS
2510,B00LZF58IS
2511,B00LZONPF2
2512,B00LZSA736
2513,B00M0GMOB0
2514,B00M0HVTUG
2515,B00M0IH1IY
2516,B00M0QWXNO
2517,B00M0RXI9G
2518,B00M0TJD16
2519,B00M0X1VPS
2520,B00M14VAD4
2521,B00M1F4SBE
2522,B00M1H9YZC
2523,B00M232BC8
2524,B00M2JVTZ2
2525,B00M2MJJI8
2526,B00M2UG866
2527,B00M2UJDQ8
2528,B00M3073L4
2529,B00M30SQGA
2530,B00M39ML76
2531,B00M3WXRWG
2532,B00M48154Q
2533,B00M4I1BAY
2534,B00M4QANB4
2535,B00M4QAQI4
2536,B00M4QAS14
2537,B00M55BMKK
2538,B00M55C0LK
2539,B00M562LF4
2540,B00M58CMYC
2541,B00M5D1WH0
2542,B00M5JG8ZK
2543,B00M7T8T1E
2544,B00M8ABEIM
2545,B00M8ABFX6
2546,B00M8ABHVQ
2547,B00M9A94KQ
2548,B00M9DBBK4
2549,B00M9Z4SRA
2550,B00M9ZSC18
2551,B00MA7YE44
2552,B00MARDJZ4
2553,B00MASFZ82
2554,B00MAULSOK
2555,B00MBFPT3A
2556,B00MBFPT44
2557,B00MBWIL0G
2558,B00ME8VI34
2559,B00MFE59L4
2560,B00MFRNC4C
2561,B00MG2OOHK
2562,B00MG9VVW4
2563,B00MGJH5U6
2564,B00MGMPT9W
2565,B00MH3USBE
2566,B00MH4ZVHO
2567,B00MIQUJQ4
2568,B00MLXA1KI
2569,B00MMLV7VQ
2570,B00MMZI3KA
2571,B00MN284T2
2572,B00MOUBYDQ
2573,B00MPI5N7U
2574,B00MQB055Q
2575,B00MQLB1N6
2576,B00MRVJY1G
2577,B00MRVJY5C
2578,B00MRVJYEI
2579,B00MT0SKAQ
2580,B00MU042H0
2581,B00MU2YPXO
2582,B00MUHUCEA
2583,B00MUSWMKQ
2584,B00MUTWLW4
2585,B00MUTWMGY
2586,B00MV9OV9E
2587,B00MVC0K5U
2588,B00MW4N5CW
2589,B00MW5Y7F0
2590,B00MW5YDAE
2591,B00MWB3NFO
2592,B00MWCJ8VQ
2593,B00MWH4FL4
2594,B00MWNYGUS
2595,B00MX57AO4
2596,B00MXDZFFM
2597,B00MXEJ8UO
2598,B00MXL9APK
2599,B00MYU0EAU
2600,B00MZSHX6Y
2601,B00N05RL22
2602,B00N1KXE9K
2603,B00N1VDCGO
2604,B00N1VUXP2
2605,B00N28AUK2
2606,B00N2S6ZUQ
2607,B00N2ZDXW2
2608,B00N3QXIXO
2609,B00N4UQV9W
2610,B00N5NX6UU
2611,B00N8JDGTW
2612,B00N99FXIS
2613,B00N9C3IVO
2614,B00N9ZJXPG
2615,B00NAG6OTC
2616,B00NB2DVQY
2617,B00NBEWB4U
2618,B00NBVY2A4
2619,B00NC1PFP4
2620,B00NC3SU6I
2621,B00NCJ4A20
2622,B00NCSQ5GK
2623,B00NDOIZ2K
2624,B00NEMG62M
2625,B00NFWY5TC
2626,B00NG8SA32
2627,B00NG9TSG4
2628,B00NGCNPF6
2629,B00NGMVD8W
2630,B00NGMVHEW
2631,B00NGV4506
2632,B00NGV4E1G
2633,B00NGVF4II
2634,B00NH11X64
2635,B00NH126Q0
2636,B00NH12EHQ
2637,B00NH131LY
2638,B00NH13YHK
2639,B00NIEEBD2
2640,B00NISVK4G
2641,B00NIYJKL0
2642,B00NJNGGMG
2643,B00NJTO4CY
2644,B00NKYYMAW
2645,B00NKZ5R28
2646,B00NLFCS38
2647,B00NMTUBF0
2648,B00NMTXYN6
2649,B00NMU93VW
2650,B00NMXY2MO
2651,B00NOMI3KU
2652,B00NOP70EC
2653,B00NOSVK54
2654,B00NP8M67Y
2655,B00NPYJW2A
2656,B00NPYK18O
2657,B00NQ19E5M
2658,B00NQ9OQU2
2659,B00NQGKZMS
2660,B00NR1EHP8
2661,B00NSHLVD2
2662,B00NSQF7N8
2663,B00NTQ2JL0
2664,B00NTRTR3W
2665,B00NUS8QQY
2666,B00NV3DE8I
2667,B00NVKHLP8
2668,B00NVQIBO2
2669,B00NW2JBYO
2670,B00NW31YSE
2671,B00NW79O8C
2672,B00NWE9ZNE
2673,B00NWXM5U0
2674,B00NXRHIO8
2675,B00NYBGNQ2
2676,B00O0ADQYS
2677,B00O0ADU4O
2678,B00O0WOO74
2679,B00O127A10
2680,B00O1C5R24
2681,B00O1RTQJE
2682,B00O1XZJZI
2683,B00O23IQ66
2684,B00O2QRGQE
2685,B00O4OR4GQ
2686,B00O4RRHP6
2687,B00O519I9E
2688,B00O5AHWDO
2689,B00O5WYV4A
2690,B00O5X8YXS
2691,B00O8NVPBI
2692,B00OA6HZU8
2693,B00OA6I62O
2694,B00OA7SG28
2695,B00OAJ412U
2696,B00OAJ5N6I
2697,B00OAXPYXG
2698,B00OAXQ2LE
2699,B00OBRE5UE
2700,B00OBRFFAS
2701,B00OC6WR22
2702,B00OCBSASM
2703,B00OCBXIY8
2704,B00OGTOUNO
2705,B00OHFGUDU
2706,B00OHTKVM2
2707,B00OKE01PQ
2708,B00OM8NMBK
2709,B00OMDZAV0
2710,B00OPVJ0JW
2711,B00OQ07SJQ
2712,B00OQ0CYFE
2713,B00OQJM8FG
2714,B00OQVZDJM
2715,B00OR3XJQI
2716,B00OR7NZUO
2717,B00ORXO9TO
2718,B00OSF95TK
2719,B00OT7HSBO
2720,B00OT7N2ZA
2721,B00OUUTYIU
2722,B00OUUX058
2723,B00OUUXC7O
2724,B00OUUXOUY
2725,B00OVV2XX6
2726,B00OVX9UA8
2727,B00OW16ZR0
2728,B00OY91N90
2729,B00OYQA4U2
2730,B00OZJQVTG
2731,B00P14PD5M
2732,B00P20TFWM
2733,B00P28VN38
2734,B00P3NMVVU
2735,B00P7EVST6
2736,B00P7LRIFW
2737,B00P7N0320
2738,B00P8PK1WE
2739,B00P9J6RFO
2740,B00P9RWYLC
2741,B00P9Z36T8
2742,B00PA24GTO
2743,B00PADY6D4
2744,B00PBIJHQY
2745,B00PBUH2AK
2746,B00PBZQ0YO
2747,B00PC07T02
2748,B00PC0H9IE
2749,B00PC5HUA6
2750,B00PDLRHFW
2751,B00PEHSJ98
2752,B00PFQPX5Q
2753,B00PG0D3GW
2754,B00PGJWYJ0
2755,B00PGNU9NO
2756,B00PGTOX26
2757,B00PH4FUK4
2758,B00PHRVHZS
2759,B00PILE4SK
2760,B00PILFUCY
2761,B00PILGDIE
2762,B00PILGPMI
2763,B00PIMKN1Q
2764,B00PIOYDU6
2765,B00PJ15V4U
2766,B00PKNO7LU
2767,B00PKTU83U
2768,B00PL86T5Q
2769,B00PN02SDO
2770,B00PN377C8
2771,B00PNBWXVK
2772,B00PRQ5O8U
2773,B00PV0IEDY
2774,B00PVD13KC
2775,B00PZZZMQC
2776,B00Q1RL64U
2777,B00Q2HYC8G
2778,B00Q2VIW9M
2779,B00Q41KYHI
2780,B00Q4O5POC
2781,B00Q50XOW0
2782,B00Q5W5BUQ
2783,B00Q64O4KQ
2784,B00Q6WQPLO
2785,B00Q75GF2E
2786,B00Q7OVXMW
2787,B00QAJNO62
2788,B00QCEWTAW
2789,B00QCLK63M
2790,B00QDHWFZM
2791,B00QF5MXFY
2792,B00QFEV4UA
2793,B00QFHEWWY
2794,B00QFQRELG
2795,B00QGH9S0O
2796,B00QJ3SHVQ
2797,B00QL1ZN3G
2798,B00QMWB5FY
2799,B00QOOZ4DE
2800,B00QOQU95K
2801,B00QRPPCMI
2802,B00QUG4XL0
2803,B00R11WPK4
2804,B00R124LAK
2805,B00R1323WM
2806,B00R1RLQ6C
2807,B00R25GJJW
2808,B00R3Z4FR4
2809,B00R43VK5A
2810,B00R48FNTE
2811,B00R59S4Z2
2812,B00R5GZJR6
2813,B00R5LBPHO
2814,B00R64PG9S
2815,B00R786T58
2816,B00R7NFPDU
2817,B00R92CL5E
2818,B00R92CLD6
2819,B00RBGYGPG
2820,B00RCSU7OW
2821,B00RENLJE2
2822,B00RFLGH5E
2823,B00RFLXE0A
2824,B00RGP7BSG
2825,B00RH29CJO
2826,B00RH340WM
2827,B00RH46PDS
2828,B00RJBSRLM
2829,B00RM0UPZ6
2830,B00RNGOBYK
2831,B00RORBQNW
2832,B00RQ5J0X0
2833,B00RVFCFI2
2834,B00RW7OYCO
2835,B00RWWTKD2
2836,B00RXEWOAA
2837,B00RY35TES
2838,B00RYVA4Y0
2839,B00S0C7QO8
2840,B00S0CTU2Y
2841,B00S2P0M1C
2842,B00S3QEF18
2843,B00S7LFCRA
2844,B00S82OKNU
2845,B00S93EQUK
2846,B00S99NW5E
2847,B00S9OLWAG
2848,B00S9SGNNS
2849,B00SBA5N26
2850,B00SE9D6GO
2851,B00SF6VSVG
2852,B00SFSU53G
2853,B00SG3CWGS
2854,B00SH4TVZ6
2855,B00SHJE4XU
2856,B00SKI6WTW
2857,B00SM027DS
2858,B00SM7BMPA
2859,B00SMBFZNG
2860,B00SMBG8NC
2861,B00SMBG8QY
2862,B00SMBGGV6
2863,B00SN6VN7W
2864,B00SNK647M
2865,B00SSUWGQK
2866,B00STNUB04
2867,B00STSZ77G
2868,B00SURH7W4
2869,B00SUX3XQC
2870,B00SV7IEJI
2871,B00SVVY844
2872,B00SWGWILI
2873,B00T1F5CSU
2874,B00T2CCSZM
2875,B00T38OHQ8
2876,B00T38ZG0Y
2877,B00T3JU7U2
2878,B00T5Z7Q0S
2879,B00T7NX6SY
2880,B00T7W84FA
2881,B00T7WCKBY
2882,B00T9QONN6
2883,B00T9QONOU
2884,B00TAEBVCI
2885,B00TAEKUL6
2886,B00TAEUMSM
2887,B00TB8XZOK
2888,B00TBHYYFK
2889,B00TG5FPHS
2890,B00TH94M86
2891,B00TIBFEIA
2892,B00TIQ213Q
2893,B00TJR6VH6
2894,B00TKMQ3PK
2895,B00TKPAW9A
2896,B00TOVTZ7K
2897,B00TQD235C
2898,B00TQEX7AQ
2899,B00TQEX8BO
2900,B00TQGBSEG
2901,B00TQIUWVE
2902,B00TQLHCPK
2903,B00TQQG1KW
2904,B00TR05L9Y
2905,B00TS3NA6Q
2906,B00TS6JL4S
2907,B00TTLR6DK
2908,B00TTX96R2
2909,B00TTZGVSC
2910,B00TW47DSW
2911,B00TX00IQY
2912,B00TZAO9D0
2913,B00TZJPEA8
2914,B00TZR3WRM
2915,B00U14INHC
2916,B00U2EJH3K
2917,B00U2G8PUO
2918,B00U3FPN4U
2919,B00U43F99A
2920,B00U5M5XMS
2921,B00U6Y9CHW
2922,B00U7FY1RQ
2923,B00U82O92U
2924,B00U84SJRO
2925,B00U879XZ8
2926,B00U87A5FU
2927,B00U8QEXBS
2928,B00U8QGU32
2929,B00U9NRDSU
2930,B00UAA4J6G
2931,B00UAH3LSG
2932,B00UAKWFB2
2933,B00UB7ZUBG
2934,B00UBNCLGC
2935,B00UBNEWD2
2936,B00UBSL31Q
2937,B00UCUOUJK
2938,B00UCZGS6S
2939,B00UFG5GVM
2940,B00UH3K244
2941,B00UH4D8G2
2942,B00UH8KKA0
2943,B00UJI7KEM
2944,B00UK0OW86
2945,B00UKPBXM4
2946,B00UP20VV6
2947,B00UR321B6
2948,B00UT3O46E
2949,B00UVSJU4S
2950,B00UVSZAA6
2951,B00UVWUBKQ
2952,B00UVYQWFW
2953,B00UW08IDY
2954,B00UWL4AU8
2955,B00UWV8JLY
2956,B00UZRVY12
2957,B00V2IUF72
2958,B00V3KLZSW
2959,B00V4TJR00
2960,B00V52JO0E
2961,B00V54LQO4
2962,B00V54PYKQ
2963,B00V5574X0
2964,B00V5IM0EU
2965,B00V6IWSB4
2966,B00V6QA65G
2967,B00V7SFR8Y
2968,B00V8VMLA2
2969,B00V8VMXFU
2970,B00VAGX6MW
2971,B00VB3Y89E
2972,B00VDVCQ84
2973,B00VEAF6SG
2974,B00VEDFAH0
2975,B00VEKX35Y
2976,B00VGWR6O4
2977,B00VGXM1DY
2978,B00VH958F0
2979,B00VHLXLWK
2980,B00VJROPZE
2981,B00VJSTQ5M
2982,B00VK9C24M
2983,B00VKIY9RG
2984,B00VKLBU3Y
2985,B00VLDJ83A
2986,B00VMH7PQM
2987,B00VMJEK2C
2988,B00VN049H6
2989,B00VNHD82Q
2990,B00VNW556I
2991,B00VQK6D3G
2992,B00VRLUTWA
2993,B00VSDULFW
2994,B00VSGVVNA
2995,B00VVBX2KM
2996,B00VVWC20M
2997,B00VX30760
2998,B00VXS8E8S
2999,B00W0EVPNK
3000,B00W0UTIEW
3001,B00W21M4BS
3002,B00W3BS7JU
3003,B00W3IKGC4
3004,B00W3TAMG8
3005,B00W4TKYCO
3006,B00W4WWCFI
3007,B00W4YBO1Y
3008,B00W5YJ8N4
3009,B00W8XXYN2
3010,B00W9FLKTY
3011,B00WCIIQVI
3012,B00WDPLITC
3013,B00WECQQMS
3014,B00WECRAF0
3015,B00WF86ZIG
3016,B00WGL0MQI
3017,B00WGLDLVQ
3018,B00WI0BZV8
3019,B00WIF2T7C
3020,B00WJQPZPS
3021,B00WJYS246
3022,B00WKRZSEO
3023,B00WMFR5PY
3024,B00WMLOQEG
3025,B00WMLUZJ6
3026,B00WMM3ZC4
3027,B00WMM48Q6
3028,B00WMWYUN2
3029,B00WO9BR20
3030,B00WQG6A8C
3031,B00WR9DEOQ
3032,B00WR9DGBC
3033,B00WSBETLK
3034,B00WSLWRAA
3035,B00WSLYQ7C
3036,B00WSLZFTK
3037,B00WSM6W8W
3038,B00WU0KVV6
3039,B00WU0PYXG
3040,B00WU0W0V0
3041,B00WU374RM
3042,B00WU9POGO
3043,B00WUF2YIY
3044,B00WUI07XK
3045,B00WUI0WOY
3046,B00WUI2L5M
3047,B00WUI38F4
3048,B00WUI3O2Q
3049,B00WUI4OWA
3050,B00WUI53BG
3051,B00WUI6HOS
3052,B00WUI7VC0
3053,B00WUI8VYW
3054,B00WUI8ZWA
3055,B00WUIAPD2
3056,B00WUIB9F0
3057,B00WUIBCOS
3058,B00WUIC2KG
3059,B00WUICTXG
3060,B00WUID73W
3061,B00WUIDMSC
3062,B00WUIDQLK
3063,B00WUIEJYI
3064,B00WUIEZUQ
3065,B00WUIIX72
3066,B00WUIKHG2
3067,B00WUIKOA6
3068,B00WUIKWGM
3069,B00WUIP7YO
3070,B00WUN9PE2
3071,B00WUOEKN2
3072,B00WVSUWI4
3073,B00WWCCC3M
3074,B00WWEAXPY
3075,B00WWI9UW2
3076,B00WX5SQV0
3077,B00WX8JTRC
3078,B00WY654TU
3079,B00WYR4FWG
3080,B00WZZ420M
3081,B00WZZ64QW
3082,B00X0VL4FG
3083,B00X2XK8O0
3084,B00X3O9BKK
3085,B00X3TUHWG
3086,B00X4RA74A
3087,B00X4RAEZC
3088,B00X5C22SS
3089,B00X5C24IQ
3090,B00X5P8BJO
3091,B00X5XJ9NI
3092,B00X7WZ9U4
3093,B00X7XEN1O
3094,B00XAG2C16
3095,B00XAJD7NA
3096,B00XB84W4I
3097,B00XBOXVIA
3098,B00XBPH4TQ
3099,B00XHU3354
3100,B00XHUI052
3101,B00XI0KJPA
3102,B00XI4OL82
3103,B00XIBU4FO
3104,B00XIIGC80
3105,B00XIIHKFO
3106,B00XIMJG0W
3107,B00XIP7G1A
3108,B00XIQFJY0
3109,B00XITMC9W
3110,B00XITS2QO
3111,B00XIUT6WC
3112,B00XIVH2LI
3113,B00XIXCDLA
3114,B00XIXD5IU
3115,B00XIYJ2PE
3116,B00XJ5JMHU
3117,B00XJ5XP3W
3118,B00XJ6TZMG
3119,B00XJTJWDU
3120,B00XJYRKGG
3121,B00XK4J900
3122,B00XMKCAXK
3123,B00XNQECFM
3124,B00XNYXQHE
3125,B00XO7AK9M
3126,B00XOUCNH6
3127,B00XQNGMBO
3128,B00XTGX3ME
3129,B00XTNNHFU
3130,B00XV4KUAM
3131,B00XWDLBKK
3132,B00XWE00F6
3133,B00Y0959EE
3134,B00Y095HY6
3135,B00Y0OWF5U
3136,B00Y2QJG4O
3137,B00Y3QPG1A
3138,B00Y49P5Q2
3139,B00Y5VO7F4
3140,B00Y7Y15IQ
3141,B00YAGVWIO
3142,B00YBP7CTW
3143,B00YCB3GWW
3144,B00YCBLR5U
3145,B00YCC4H2Y
3146,B00YCC5HNM
3147,B00YFJT29C
3148,B00YG6H4XA
3149,B00YIC97VE
3150,B00YIRUPHE
3151,B00YIRY64W
3152,B00YLIDKY0
3153,B00YLIDX6K
3154,B00YLM3WB2
3155,B00YNI7G8O
3156,B00YOX4JU6
3157,B00YPATOEE
3158,B00YPJXONW
3159,B00YRPTTDI
3160,B00YRPXGQ4
3161,B00YRYS4T4
3162,B00YU0W3CY
3163,B00YV2W0SS
3164,B00YWLJNPQ
3165,B00YY3XSSA
3166,B00YY4SYWY
3167,B00YYDHA9S
3168,B00YZ5Q7X0
3169,B00Z07KXCI
3170,B00Z08KW8C
3171,B00Z08TZNU
3172,B00Z0V2NQ8
3173,B00Z4TQ64Q
3174,B00Z7RKMTA
3175,B00Z7RPY2U
3176,B00Z7SH7GK
3177,B00Z7SUZFU
3178,B00Z7SVVOO
3179,B00Z7SX51Q
3180,B00ZBA3OSO
3181,B00ZCFYF2W
3182,B00ZELEKIS
3183,B00ZI9LWS2
3184,B00ZKFRKIU
3185,B00ZLPJ10Y
3186,B00ZLVU4BI
3187,B00ZMV7RL2
3188,B00ZONG9WQ
3189,B00ZOWJI7A
3190,B00ZPN3O2I
3191,B00ZS5OPOO
3192,B00ZVJAF9G
3193,B00ZWXIB5Q
3194,B00ZX3ABMQ
3195,B00ZYLMQH0
3196,B0102CK1BS
3197,B010496LJ0
3198,B0104ZI42Q
3199,B01054S5FM
3200,B0105VDCZ8
3201,B0106IS5XY
3202,B0106RV5JG
3203,B0107LH932
3204,B0107NIB4G
3205,B0107WH8Q4
3206,B0107ZGTU2
3207,B010BWYDYA
3208,B010MVIPA8
3209,B010MVJ6NS
3210,B010MVJNTK
3211,B010MVQBBI
3212,B010MWFUBY
3213,B010O0CBHU
3214,B010RLCCL6
3215,B010TFF6AE
3216,B010XDJTWS
3217,B0110RZ0A6
3218,B0111HRJT0
3219,B01132KYSG
3220,B0113JAN8K
3221,B0115NB41E
3222,B0115ST2OA
3223,B01171X0UW
3224,B0117U82EM
3225,B0119OQR2A
3226,B011A20XQM
3227,B011BRUOMO
3228,B011G7J5TC
3229,B011HZ2EZK
3230,B011IH685E
3231,B011J6DW26
3232,B011JDSLHA
3233,B011K4RKFW
3234,B011K4XZQ0
3235,B011KFQASE
3236,B011LM7IY6
3237,B011LZY20G
3238,B011N5TX9Y
3239,B011NT1ODS
3240,B011PT06U8
3241,B011T5IF06
3242,B011U6ZIPO
3243,B011WESR1G
3244,B01255X2CU
3245,B01261VEOG
3246,B0126KVVD6
3247,B01273JZMG
3248,B0127CKPLC
3249,B0127D3P7W
3250,B0127ED7SI
3251,B0128YT76S
3252,B012A83F60
3253,B012BN15LQ
3254,B012CG8N26
3255,B012D33BD4
3256,B012EI4J3O
3257,B012F8G1DO
3258,B012IBPJ6I
3259,B012IGN2TE
3260,B012JXHX28
3261,B012Q017TY
3262,B012S0ZQNU
3263,B012SXB6WW
3264,B012SXDYPE
3265,B012SXF71I
3266,B012SXFW72
3267,B012T1D0IG
3268,B012TFS6KO
3269,B012VIWG28
3270,B012VWH6PQ
3271,B012WF7ORW
3272,B012YUJJM8
3273,B0131EKHO0
3274,B013A81VW4
3275,B013ALA9LA
3276,B013BOC6VC
3277,B013CCTM2E
3278,B013DOCZAC
3279,B013EKI2DY
3280,B013FUVHIU
3281,B013G4MYU0
3282,B013HSW4SM
3283,B013I35LV8
3284,B013I3HIU0
3285,B013JLOTUS
3286,B013JMBAMC
3287,B013JNAUMW
3288,B013JZCAZK
3289,B013KOPSRM
3290,B013LKLIB0
3291,B013LKLK2M
3292,B013QFYFCE
3293,B013R3Q7B2
3294,B013RXJODU
3295,B013S0N2OY
3296,B013SGP23M
3297,B013SKI49W
3298,B013TPI66C
3299,B013WU0CZW
3300,B013YH9XD0
3301,B0140NHUU0
3302,B01414HRWE
3303,B01415QHYW
3304,B01422TC14
3305,B0142T6LWU
3306,B0144AAIWQ
3307,B0144ARCNY
3308,B0144P3RWO
3309,B0145EOFDO
3310,B0145I1IZS
3311,B0146RCAGO
3312,B0147JBB2A
3313,B0148N153A
3314,B0148N1COC
3315,B0148NPIQK
3316,B0148NPJ78
3317,B014BE9N4Y
3318,B014D9LBCY
3319,B014DAVCP4
3320,B014DAVHSQ
3321,B014E1V6H6
3322,B014EB532U
3323,B014FBJMVW
3324,B014FEM0X6
3325,B014FEM21G
3326,B014GNF41G
3327,B014HE1WTW
3328,B014I8TIV6
3329,B014IBIMEW
3330,B014IOWX1M
3331,B014J7F3Y2
3332,B014JUTDWM
3333,B014O9EXUU
3334,B014PIZ14W
3335,B014PX7FIM
3336,B014PY9K5M
3337,B014PYNIG4
3338,B014QMQ1N2
3339,B014QQE0Y0
3340,B014QVM2KO
3341,B014R4IFO2
3342,B014TUZ92U
3343,B014USLA3S
3344,B014UWIKX2
3345,B014VGHG0U
3346,B014VWSLIU
3347,B014W20BFA
3348,B014W20C90
3349,B014YN7LVE
3350,B014ZO46LK
3351,B014ZQ07NE
3352,B01522TOL6
3353,B01525BR9U
3354,B0153CASRY
3355,B0153R2A9I
3356,B0153X46IU
3357,B0154RZUH6
3358,B0154S03NG
3359,B01569FXVK
3360,B0156F38LG
3361,B0159252QU
3362,B01597ENBA
3363,B01597GXJU
3364,B015BWEZFW
3365,B015CMAJVK
3366,B015CMD692
3367,B015DR9JCY
3368,B015EKXAMA
3369,B015GBIN4M
3370,B015GX0GZO
3371,B015IL0FIW
3372,B015ILEN80
3373,B015IOM3QQ
3374,B015IYIFTU
3375,B015J44R0U
3376,B015JF78TQ
3377,B015JQ60NA
3378,B015OTEPGQ
3379,B015OV4Z0A
3380,B015PD3HOC
3381,B015PRCBBI
3382,B015PRGXK8
3383,B015PRO512
3384,B015PU63A0
3385,B015PXUHYA
3386,B015QTOS0C
3387,B015R2PG2W
3388,B015SOI392
3389,B015SY3WKM
3390,B015UOUEKG
3391,B015VPX05A
3392,B015WCV70W
3393,B015WV1HO4
3394,B015XPQ5KK
3395,B015XPU7RC
3396,B015YEI9NQ
3397,B015YF5YIS
3398,B015YUDYVM
3399,B015ZGMSSA
3400,B0160R1MO4
3401,B01611VL68
3402,B01621M1S4
3403,B01639694M
3404,B0163JVYEW
3405,B0166P6QNM
3406,B0166SPEL4
3407,B0167HG1V6
3408,B0168CPWK6
3409,B0168G0KZY
3410,B01690F5KO
3411,B01694XMF0
3412,B016951IQ4
3413,B0169O19GY
3414,B0169P4RI0
3415,B0169XZD08
3416,B016B12PUE
3417,B016B13U9Y
3418,B016B40XT6
3419,B016B9ZJY0
3420,B016CBFBVI
3421,B016DZ8T4E
3422,B016ESP5GU
3423,B016F3M7OM
3424,B016K07YT8
3425,B016K088UC
3426,B016K0896K
3427,B016LLLXJS
3428,B016LO4UTA
3429,B016MAOS5E
3430,B016MK32V0
3431,B016NUTG5K
3432,B016OFYGXQ
3433,B016PMVM7Q
3434,B016QO5YNG
3435,B016QO5YWC
3436,B016QO64FI
3437,B016UFXLKO
3438,B016XWOTQY
3439,B016Y8XJCW
3440,B016YLV3S6
3441,B016YNPH04
3442,B016ZNTUQA
3443,B0170RBJ9Q
3444,B0171GQR0C
3445,B0172QQNBY
3446,B0176B7Y18
3447,B01773V970
3448,B0177L6A4O
3449,B0177MEIHE
3450,B0177NSA9A
3451,B0177NUYIU
3452,B0177NZ59S
3453,B0177Q07ES
3454,B01780KZMW
3455,B0178HOTOU
3456,B0179LT7EW
3457,B0179LTIUK
3458,B017DOS5C0
3459,B017DYKCNA
3460,B017DYMMKG
3461,B017DYNXW2
3462,B017DYUW7G
3463,B017HKGZ9U
3464,B017JE6TJK
3465,B017JEF126
3466,B017JFSUF0
3467,B017JT6846
3468,B017JY0UTU
3469,B017L1JOX4
3470,B017LJ70IM
3471,B017LSIXDE
3472,B017MA074Y
3473,B017NK9QJA
3474,B017NL2HG8
3475,B017NNSB9S
3476,B017O0TTM8
3477,B017OJEAL4
3478,B017STB5T0
3479,B017T17DVQ
3480,B017T99JPG
3481,B017TK4H6G
3482,B017V6AOZQ
3483,B017VSPBGQ
3484,B017YOOA14
3485,B0184SAWXY
3486,B0185I7OD4
3487,B0185M6CRE
3488,B0186YKIQ2
3489,B0188FOIJM
3490,B0189YVFPC
3491,B0189YWOIO
3492,B018EZG9G6
3493,B018FXGYZI
3494,B018GMKXOG
3495,B018H3B280
3496,B018JUPY3A
3497,B018JXB9VS
3498,B018K5EJCQ
3499,B018LKVDCY
3500,B018LVN8B2
3501,B018PQPALY
3502,B018RY2JPE
3503,B018SZT3BK
3504,B018TX8IDA
3505,B018U5NVNY
3506,B018UQ5VEK
3507,B018UWYHAS
3508,B018XJN3BC
3509,B0191I8VB6
3510,B0191ZGELS
3511,B0192911RA
3512,B0192LPK5M
3513,B0192QPKMA
3514,B0192SCG7K
3515,B019405SQM
3516,B0194JXWXO
3517,B0194VYPQ0
3518,B0198HIF7K
3519,B0199HAOAU
3520,B0199TGZFQ
3521,B0199W9UMS
3522,B019BX7F86
3523,B019DLV08M
3524,B019EEUQ2O
3525,B019EMQRFQ
3526,B019ERMS90
3527,B019F0RN3W
3528,B019F69V40
3529,B019GLUNIC
3530,B019GQ6S2C
3531,B019GXCWMU
3532,B019H0RHE0
3533,B019IJONL0
3534,B019J27MFU
3535,B019J50RT0
3536,B019LR364O
3537,B019MMRV1M
3538,B019NLUPQ0
3539,B019OB663A
3540,B019OH9898
3541,B019SU6YA2
3542,B019T4KVPG
3543,B019X0V5UQ
3544,B019Z9VB22
3545,B019ZW64I0
3546,B01A08E70K
3547,B01A09KCJ4
3548,B01A0GNOG0
3549,B01A0MTS3W
3550,B01A295JQ8
3551,B01A52KLTC
3552,B01A6D2JVI
3553,B01A6D9ANI
3554,B01A6EKT9G
3555,B01A6NI8VI
3556,B01A7ICWTQ
3557,B01A9V6OI6
3558,B01AAF8HVI
3559,B01AAKZRP2
3560,B01AAWRWDK
3561,B01ACGGBYU
3562,B01ACWFHDU
3563,B01ACXSKAG
3564,B01AG56HYQ
3565,B01AGU2G5K
3566,B01AH488VQ
3567,B01AHKYIRS
3568,B01AHNBG0M
3569,B01AHWH83M
3570,B01AI2YGK4
3571,B01AL7JGWY
3572,B01ANJRFX2
3573,B01AOFZMYE
3574,B01AOODE18
3575,B01AQ6OWAG
3576,B01ARJ7SBM
3577,B01ARN28SQ
3578,B01AROOL12
3579,B01AS57B0I
3580,B01ASSCPYC
3581,B01ASUF3XK
3582,B01AUL4NYW
3583,B01AUP2C6Y
3584,B01AUR77FI
3585,B01AVYP2RA
3586,B01AVYPD1A
3587,B01AWBA8U8
3588,B01AX8XHRQ
3589,B01AXN9B4O
3590,B01AZ8NE9U
3591,B01AZC3J3M
3592,B01B14ANLY
3593,B01B1B67RG
3594,B01B1G2QBC
3595,B01B3934OA
3596,B01B3GARVG
3597,B01B448PBG
3598,B01B6Q34LS
3599,B01B74OHU6
3600,B01BC22S8G
3601,B01BCJC9CE
3602,B01BCWKBZI
3603,B01BD165TY
3604,B01BDO7L3U
3605,B01BFIBRIE
3606,B01BGQ9P8O
3607,B01BH5TLK6
3608,B01BH83OOM
3609,B01BHEIIR4
3610,B01BHLK0MS
3611,B01BKUB6BA
3612,B01BLRR1KC
3613,B01BMCKOW8
3614,B01BMDQ9U8
3615,B01BNKD0IO
3616,B01BRWH8G8
3617,B01BTGYWWA
3618,B01BUMADSK
3619,B01BV3FGV2
3620,B01BVM77B0
3621,B01BWE9GOI
3622,B01BXYZ6G4
3623,B01BZC262Q
3624,B01BZIYJUM
3625,B01BZYZU18
3626,B01C1742DU
3627,B01C2QZLZ8
3628,B01C464ZCQ
3629,B01C4UY0JK
3630,B01C4W2P18
3631,B01C5AM0Z0
3632,B01C5B9Z3O
3633,B01C5JZ3QY
3634,B01C6031MA
3635,B01C6032G0
3636,B01C60C4EG
3637,B01C60CA8Q
3638,B01C63RV5K
3639,B01C6EN23O
3640,B01C6EQNNK
3641,B01C6ESQM6
3642,B01C6EY9WW
3643,B01C6FFNY4
3644,B01C6Q2GSY
3645,B01C7HZ47M
3646,B01C8K7YNA
3647,B01C9L62NQ
3648,B01C9U3XI4
3649,B01CA6DXKK
3650,B01CCMUN8C
3651,B01CDFMRBY
3652,B01CDVZAH6
3653,B01CE9WNO0
3654,B01CE9XHK4
3655,B01CEC7R5C
3656,B01CFNURKW
3657,B01CH8ZNJ0
3658,B01CL2OEL0
3659,B01CL4CUI2
3660,B01CMM0AJY
3661,B01COPTBEO
3662,B01CP4CXI0
3663,B01CPH3VLK
3664,B01CQE0B7O
3665,B01CQTVM9K
3666,B01CRA11IU
3667,B01CRA4L9G
3668,B01CSN77FM
3669,B01CU1EC6Y
3670,B01CVOLKKQ
3671,B01CVOLVPA
3672,B01CW4AR9K
3673,B01CW4BG4K
3674,B01CW4BLG8
3675,B01CW4BN5M
3676,B01CY3MVTI
3677,B01D1EYS6I
3678,B01D1EZIXA
3679,B01D2K40DM
3680,B01D2PZ6C6
3681,B01D2ZUNZ6
3682,B01D3NROZE
3683,B01D3NY9D4
3684,B01D3QZ8EK
3685,B01D4HTIOY
3686,B01D5H8N8K
3687,B01D5TM5QE
3688,B01D6JEMWS
3689,B01D8C6ULO
3690,B01D8D5NCA
3691,B01D8KOZF4
3692,B01D92SSX6
3693,B01DA0YCNC
3694,B01DAI5BZ2
3695,B01DAI5CF6
3696,B01DAMSTNO
3697,B01DBEFRU4
3698,B01DC4QGEO
3699,B01DDBJF12
3700,B01DDIAX1Q
3701,B01DE4CZJM
3702,B01DFKBI6G
3703,B01DJVVORE
3704,B01DK1PULO
3705,B01DKA81PW
3706,B01DKEXMVG
3707,B01DLKRLAW
3708,B01DLLU13U
3709,B01DLWBPCA
3710,B01DLYEZXO
3711,B01DM56TFY
3712,B01DMHPT3U
3713,B01DMJUZEQ
3714,B01DMNQ9YC
3715,B01DN7NM4M
3716,B01DN7OJ30
3717,B01DO07QK4
3718,B01DOB6Y5Q
3719,B01DOB6YQA
3720,B01DOB6YW4
3721,B01DP053VC
3722,B01DP68MEG
3723,B01DPGPOTC
3724,B01DPRYS52
3725,B01DQKRZF8
3726,B01DR4T73Q
3727,B01DRWCOGA
3728,B01DSYP0V8
3729,B01DUEATJY
3730,B01DUF3UVC
3731,B01DVXDXQU
3732,B01DW1XOCY
3733,B01DZ56MX0
3734,B01DZP4UAM
3735,B01DZS9UB8
3736,B01E0Z7RN8
3737,B01E3QM34W
3738,B01E4AF5II
3739,B01E550IKM
3740,B01E6MTP0S
3741,B01E6O2U3U
3742,B01E6VT9L4
3743,B01E76S2TI
3744,B01E7QTVUW
3745,B01E7QUGSI
3746,B01E86ONW2
3747,B01E8NH1OW
3748,B01E9AHU8Q
3749,B01EA3RWYE
3750,B01EB6CS6M
3751,B01EBLE1ZS
3752,B01EF9OI0O
3753,B01EFD5XUE
3754,B01EFPX9XA
3755,B01EHF5UNK
3756,B01EIJ0P6W
3757,B01EJY59C6
3758,B01EK7TEL4
3759,B01EK87T9M
3760,B01EKKVO3W
3761,B01EL0GY1S
3762,B01EL4PVFE
3763,B01EL7VTC0
3764,B01ELRRKW8
3765,B01EMINIWW
3766,B01EMJ8UX8
3767,B01EMNIFQQ
3768,B01EMQ00UM
3769,B01EN1PI8K
3770,B01EN7WZG2
3771,B01ENP4YNG
3772,B01ENTMP7Y
3773,B01EO5A3RQ
3774,B01EOHXF0G
3775,B01ETOZ0Y8
3776,B01ETP0S3K
3777,B01ETRH0AM
3778,B01EUC7NPI
3779,B01EUKZQEK
3780,B01EW098XS
3781,B01EW18YQE
3782,B01EY741R2
3783,B01EYGOOLQ
3784,B01EZC9WC0
3785,B01F2Y2LZ0
3786,B01F52ZPBQ
3787,B01F7KJDIM
3788,B01F7TUOXG
3789,B01F9RGJJO
3790,B01F9RGWF0
3791,B01F9RH0R4
3792,B01FD7R0ZM
3793,B01FD8YJB4
3794,B01FE8IU3Q
3795,B01FF3J3FE
3796,B01FFWG0I8
3797,B01FID7HY0
3798,B01FK376FI
3799,B01FKGEMIY
3800,B01FKSEL9M
3801,B01FNAFLZA
3802,B01FO3MPUA
3803,B01FRGKFNS
3804,B01FTCX14A
3805,B01FU08V64
3806,B01FVDTA0G
3807,B01FVQY7LA
3808,B01FVT4JOC
3809,B01FVW38AU
3810,B01FWBWS42
3811,B01FWT4V12
3812,B01FX75F7W
3813,B01FX8OXJW
3814,B01FXN3E74
3815,B01FXPYXCW
3816,B01FYIAQA6
3817,B01G05YFZY
3818,B01G0X56YU
3819,B01G2LWBA2
3820,B01G2O77VC
3821,B01G3FXMN2
3822,B01G3FXX1I
3823,B01G3J1I5M
3824,B01G69E69E
3825,B01G6KC15E
3826,B01G7DM7X6
3827,B01G7SBOF8
3828,B01G86538S
3829,B01G8JO5F2
3830,B01GAGP7XC
3831,B01GC1TLQ4
3832,B01GCI7BCI
3833,B01GCS77TU
3834,B01GF0KV6G
3835,B01GF5ACUG
3836,B01GFJNIKS
3837,B01GG7BJ5U
3838,B01GGS92YE
3839,B01GH5ZDFS
3840,B01GIRTGKI
3841,B01GJ3TPCU
3842,B01GKYS1KK
3843,B01GMW1BXO
3844,B01GMW3YE8
3845,B01GN2G8Y0
3846,B01GOAVEZY
3847,B01GPAOJJG
3848,B01GR12G9S
3849,B01GR95HTQ
3850,B01GTH5Z3E
3851,B01GUIEFJC
3852,B01GW1GO7S
3853,B01GW57H8Y
3854,B01GW7YJTC
3855,B01GWRVBKC
3856,B01H0WLQDU
3857,B01H14SFRM
3858,B01H1C9T6K
3859,B01H2W93RE
3860,B01H355BGM
3861,B01H3EEOD4
3862,B01H3I539E
3863,B01H3LBIVS
3864,B01H3LM75O
3865,B01H4XUD0M
3866,B01H6TM5B4
3867,B01H74VK6Y
3868,B01H8SKNQM
3869,B01HBFXDPA
3870,B01HCGVY1S
3871,B01HCHVUOS
3872,B01HDC21FE
3873,B01HEG19NO
3874,B01HEPY216
3875,B01HETFQA8
3876,B01HEW1KTG
3877,B01HEW2C9I
3878,B01HFKDJAA
3879,B01HFKE2ME
3880,B01HG7E8PW
3881,B01HH769LM
3882,B01HH76BVK
3883,B01HH76T7Q
3884,B01HH7NU82
3885,B01HI8784M
3886,B01HJ30IO8
3887,B01HJEDEIO
3888,B01HJQ4RNI
3889,B01HLSMVTQ
3890,B01HNBLHAA
3891,B01HNL545Y
3892,B01HO5P0R6
3893,B01HO5P2NI
3894,B01HPSD2HW
3895,B01HQKYJOE
3896,B01HR9VS4I
3897,B01HRIB0V0
3898,B01HRPJQ2S
3899,B01HRVABD0
3900,B01HSFHGLA
3901,B01HSXI1DO
3902,B01HVHIZFG
3903,B01HVZR3DI
3904,B01HXSYG6A
3905,B01HXWT40E
3906,B01I01QLTE
3907,B01I0VD8JA
3908,B01I1FEYMA
3909,B01I20TMGC
3910,B01I2JJ7BI
3911,B01I3K7BE6
3912,B01I4TE612
3913,B01I559QOC
3914,B01I5N90HW
3915,B01I97FPVE
3916,B01I97QOKU
3917,B01IBRTN88
3918,B01ICTQF9K
3919,B01IDA4G3K
3920,B01IEKG402
3921,B01IEKG4NE
3922,B01IENFJ14
3923,B01IEPTEBI
3924,B01IEU7UZ0
3925,B01IFTYW3I
3926,B01IG7E8T2
3927,B01II00878
3928,B01IJM9PM4
3929,B01IK58RZ6
3930,B01IOHQYDM
3931,B01IPJX2NY
3932,B01IQEAEDY
3933,B01IRZZVWG
3934,B01ITNRGFG
3935,B01ITOEQT4
3936,B01ITOESHY
3937,B01ITOFEX6
3938,B01IU9UMVY
3939,B01IUDUJE0
3940,B01IUSYF8G
3941,B01IUTIUEA
3942,B01IVKKD5W
3943,B01IY6QNAW
3944,B01IYDMHH8
3945,B01J0V78UE
3946,B01J1KVR42
3947,B01J2G4VBG
3948,B01J3GG82U
3949,B01J4GDI5E
3950,B01J5A4MU4
3951,B01J5RH06K
3952,B01J5RHBQ4
3953,B01J5RHD58
3954,B01J6RN7KW
3955,B01J94SWWU
3956,B01J94T4R2
3957,B01J9O4JRM
3958,B01JA9J6UQ
3959,B01JBTPHJ4
3960,B01JCNETC0
3961,B01JFSW0UK
3962,B01JGBVRE6
3963,B01JGHAX5O
3964,B01JGHAYIU
3965,B01JGHB060
3966,B01JGSC5AO
3967,B01JGT2JI6
3968,B01JIYWUBA
3969,B01JJLKZFU
3970,B01JLXTQ5G
3971,B01JO8UOOU
3972,B01JP436TS
3973,B01JPDTZXK
3974,B01JQROZZS
3975,B01JRJERX0
3976,B01JRXRTC2
3977,B01JRY0VE4
3978,B01JS6QHWQ
3979,B01JSGUJYS
3980,B01JW0ASNW
3981,B01JWC53TE
3982,B01JYP417Y
3983,B01JZ8Z7C8
3984,B01JZ8ZAXO
3985,B01JZ8ZID6
3986,B01K1INXJK
3987,B01K1IO3QW
3988,B01K1QQ2QI
3989,B01K2J7BKK
3990,B01K48R5V4
3991,B01K5D5ALU
3992,B01K6PAV5W
3993,B01K6PBJZS
3994,B01K7L8U62
3995,B01K7SE348
3996,B01K7UPOY4
3997,B01K8B8YA8
3998,B01K9KW9A4
3999,B01K9M55YY
4000,B01K9MQ8WW
4001,B01K9O02Y0
4002,B01KA7VW40
4003,B01KA7VWWC
4004,B01KBEOL5E
4005,B01KBQ6I3A
4006,B01KHK3S5G
4007,B01KICHFQQ
4008,B01KICKY46
4009,B01KIHDY8Y
4010,B01KIOU214
4011,B01KIOU4EO
4012,B01KJL4XNY
4013,B01KKVVTSA
4014,B01KLO285Y
4015,B01KM1J38G
4016,B01KNFEOX0
4017,B01KOPFXFW
4018,B01KSTSV76
4019,B01KT301YC
4020,B01KT8SP2C
4021,B01KUQL1PQ
4022,B01KV6TLT8
4023,B01KVM7WF2
4024,B01KVQXXEM
4025,B01KW6H5GI
4026,B01KWZECOM
4027,B01KX4Y1MU
4028,B01KY7W4Y8
4029,B01KYCQDGI
4030,B01KYLOU6O
4031,B01L3R5LXE
4032,B01L3VEC08
4033,B01L3VEC94
4034,B01L8GG6PW
4035,B01L8LLP2G
4036,B01L8XF7AK
4037,B01L9L5ZQW
4038,B01L9O07FS
4039,B01LA5B0W0
4040,B01LALIFYU
4041,B01LAWOYE4
4042,B01LCY0KIO
4043,B01LF37K80
4044,B01LFNI674
4045,B01LFSDZCU
4046,B01LGY2P56
4047,B01LLAK1UG
4048,B01LLANEAU
4049,B01LM4ESB4
4050,B01LNJBA2I
4051,B01LOOJ8Z8
4052,B01LORO7BA
4053,B01LPJSV96
4054,B01LTAI9VG
4055,B01LTCLHT0
4056,B01LVVG5XS
4057,B01LVZC25I
4058,B01LW1U5XX
4059,B01LW2YJRG
4060,B01LW4COZL
4061,B01LW6ECMM
4062,B01LW71IBJ
4063,B01LW7ZQCT
4064,B01LW95DWF
4065,B01LW9B75D
4066,B01LWPGB6C
4067,B01LWQPQVX
4068,B01LWRTRZU
4069,B01LWX4JJH
4070,B01LWZKU49
4071,B01LX3VDXT
4072,B01LXC2329
4073,B01LXDZ8WB
4074,B01LXFBEWD
4075,B01LXHAGNC
4076,B01LXHZLY7
4077,B01LXJA5JD
4078,B01LXJFMGF
4079,B01LXKQ07C
4080,B01LXN6QE2
4081,B01LXOT3DN
4082,B01LXQLFMO
4083,B01LXR37IE
4084,B01LXULXLU
4085,B01LXUZPQU
4086,B01LXZDPDR
4087,B01LY54Q7R
4088,B01LY5FX4E
4089,B01LYCBO0C
4090,B01LYCLS24
4091,B01LYHE511
4092,B01LYHEC16
4093,B01LYLGWSY
4094,B01LYNSL5S
4095,B01LYU7N89
4096,B01LZDH2T9
4097,B01LZFDA8E
4098,B01LZHCAYO
4099,B01LZHRYJS
4100,B01LZKMVEC
4101,B01LZQMW7Z
4102,B01LZR6X5D
4103,B01LZSA84J
4104,B01LZTBKBG
4105,B01LZTMML7
4106,B01LZV6TYQ
4107,B01M0672SI
4108,B01M0CP2ZG
4109,B01M0FZU8T
4110,B01M0GB8CC
4111,B01M0OSQSC
4112,B01M0SFMIH
4113,B01M0WUEWU
4114,B01M0X1SOY
4115,B01M0YHF12
4116,B01M12RE4A
4117,B01M130JJL
4118,B01M13EO6T
4119,B01M14TVC6
4120,B01M15WH9C
4121,B01M1CZXUQ
4122,B01M1OGKBK
4123,B01M1OZGUV
4124,B01M1VUIRZ
4125,B01M26CY4G
4126,B01M29DV5H
4127,B01M2D8ALO
4128,B01M2UJURQ
4129,B01M2YXJ6K
4130,B01M2ZIRSH
4131,B01M2ZOLLP
4132,B01M355O88
4133,B01M3PQKN6
4134,B01M3RPLHF
4135,B01M3RTF68
4136,B01M3U7DDB
4137,B01M3ULMWP
4138,B01M4NU4OM
4139,B01M5845U8
4140,B01M61OXRM
4141,B01M65Q74Y
4142,B01M6ZDI57
4143,B01M70M9QT
4144,B01M7412UG
4145,B01M7NCT5O
4146,B01M7NFWQ5
4147,B01M7VOJFW
4148,B01M7WS2VR
4149,B01M7X3BEM
4150,B01M8JRUA3
4151,B01M8K4M92
4152,B01M8L8SOB
4153,B01MD1JMR9
4154,B01MDKJXCH
4155,B01MDNPKNT
4156,B01MDQJOPT
4157,B01MDVI3GM
4158,B01MEH8J9Z
4159,B01MF64OF0
4160,B01MF71CKR
4161,B01MFAFH5R
4162,B01MFCFKG5
4163,B01MG4DIDO
4164,B01MG5LW7N
4165,B01MPXRXR0
4166,B01MQ1YEYH
4167,B01MQ26QIY
4168,B01MQCHQHD
4169,B01MQFY948
4170,B01MQGLIKL
4171,B01MQGMSVQ
4172,B01MQHCN8R
4173,B01MQJ2XE6
4174,B01MQKENH7
4175,B01MQMJFDK
4176,B01MQVXHUM
4177,B01MQWUXZS
4178,B01MR1X6ZU
4179,B01MR3FX7L
4180,B01MREI7I7
4181,B01MRHFKTY
4182,B01MRLJEAR
4183,B01MRM52KN
4184,B01MRQJ52Z
4185,B01MRQKP88
4186,B01MRUYH98
4187,B01MRZ9P0H
4188,B01MS47HWS
4189,B01MS84IIF
4190,B01MS9QLP9
4191,B01MSIH068
4192,B01MSNCDTA
4193,B01MSTB5KW
4194,B01MSTHCDX
4195,B01MSXGAL9
4196,B01MSZ036Q
4197,B01MSZCPVF
4198,B01MSZRFML
4199,B01MT15RSW
4200,B01MT8IT1F
4201,B01MTA8WUM
4202,B01MTDB1GJ
4203,B01MTF2MMR
4204,B01MTF2Z37
4205,B01MTIIWMF
4206,B01MTL33GR
4207,B01MTNHO01
4208,B01MTONBI1
4209,B01MTOWA1I
4210,B01MTQVE6G
4211,B01MTXH5B7
4212,B01MTY7MSK
4213,B01MU3AXR1
4214,B01MU3WUX1
4215,B01MUGEYT7
4216,B01MUGQA4A
4217,B01MUTSU13
4218,B01MV2YGRR
4219,B01MV36TBU
4220,B01MXGOP7B
4221,B01MXI561P
4222,B01MXIOHJK
4223,B01MXMASHF
4224,B01MXSLM3Z
4225,B01MXXQKGM
4226,B01MY06P4O
4227,B01MY48T0O
4228,B01MY48U9G
4229,B01MY7VEFC
4230,B01MY880S1
4231,B01MYML654
4232,B01MYMMZS1
4233,B01MYNBFNO
4234,B01MYU2BDQ
4235,B01MYX5VGN
4236,B01MZ3Z5TD
4237,B01MZC303G
4238,B01MZEBW18
4239,B01MZGMCF1
4240,B01MZGZYSB
4241,B01MZIHSDF
4242,B01MZYDZUI
4243,B01N06BZFB
4244,B01N0A4WZP
4245,B01N0DDKL7
4246,B01N0GONP1
4247,B01N0H8WUZ
4248,B01N0IDC8N
4249,B01N0LQJN6
4250,B01N0MGXEB
4251,B01N0NKBER
4252,B01N0TMAA7
4253,B01N0VNIA9
4254,B01N0XZ1TU
4255,B01N11XYYF
4256,B01N183L5E
4257,B01N1H6MS0
4258,B01N1K0KZF
4259,B01N1O3JEY
4260,B01N1U2GL2
4261,B01N1X28F1
4262,B01N210GDQ
4263,B01N21FYHB
4264,B01N23AEPG
4265,B01N24N9TH
4266,B01N260A5D
4267,B01N27P7ME
4268,B01N2B4JWC
4269,B01N2HIR9R
4270,B01N2L4DK9
4271,B01N2MYHIZ
4272,B01N2RLH89
4273,B01N2X7JDM
4274,B01N33U6Y5
4275,B01N3JX20L
4276,B01N3NYFAH
4277,B01N3OJSR9
4278,B01N3QGK1U
4279,B01N3S2FD7
4280,B01N3S5QX0
4281,B01N3TRRBB
4282,B01N3W1V90
4283,B01N44JBS4
4284,B01N45UW7P
4285,B01N470WUO
4286,B01N4BHQP2
4287,B01N4MMAB0
4288,B01N4N0ZQF
4289,B01N4NS31O
4290,B01N4O57EY
4291,B01N4P5SQ3
4292,B01N4R01UJ
4293,B01N4TQJK9
4294,B01N4V4X5M
4295,B01N51S7W1
4296,B01N526C57
4297,B01N52Q0XB
4298,B01N5575I9
4299,B01N56NZLG
4300,B01N58WYS7
4301,B01N5FK130
4302,B01N5KL10L
4303,B01N5RLG2C
4304,B01N5VB7QC
4305,B01N5Y47X7
4306,B01N64T5CJ
4307,B01N64XVD5
4308,B01N66MD3P
4309,B01N6DC2ZE
4310,B01N6DT9IG
4311,B01N6GD9JO
4312,B01N6IOEQ7
4313,B01N6NTIRH
4314,B01N6RTS2B
4315,B01N6SN1JO
4316,B01N6VH0DA
4317,B01N74NHXW
4318,B01N75TWSA
4319,B01N78T39B
4320,B01N7JZUOI
4321,B01N7RFDBA
4322,B01N7RS0NG
4323,B01N7U1UXQ
4324,B01N7YQO9G
4325,B01N8P65YV
4326,B01N8ROH7G
4327,B01N8TWJWL
4328,B01N8VR7WD
4329,B01N8Y72LX
4330,B01N8Y72M6
4331,B01N95M0EC
4332,B01N9EX0YR
4333,B01N9FIELY
4334,B01N9JBG5V
4335,B01N9K9XOF
4336,B01N9O3UTF
4337,B01N9P0NM4
4338,B01N9P860N
4339,B01N9X3F8F
4340,B01N9X4FOB
4341,B01NABMBDJ
4342,B01NACA7QK
4343,B01NAGRRRU
4344,B01NAH8OBL
4345,B01NAHJFI0
4346,B01NAJ9XXG
4347,B01NAJNNHL
4348,B01NAQA1BA
4349,B01NB05WI5
4350,B01NBJW3T5
4351,B01NBTD4Q8
4352,B01NBTFNVA
4353,B01NC0XJQW
4354,B01NCLAOX4
4355,B01NCLHBYD
4356,B01NCNVXVI
4357,B01NCOZ8QE
4358,B01NCS1S8V
4359,B01ND0UV73
4360,B01NH53RBH
4361,B06VSJ9D1H
4362,B06VSNR3NV
4363,B06VT865HB
4364,B06VVXGHY8
4365,B06VVXKYJC
4366,B06VWS2FHV
4367,B06VX1PKQ7
4368,B06VX1YGQX
4369,B06VXH15YC
4370,B06W2MBDSM
4371,B06W2PMP6C
4372,B06W5556VR
4373,B06W55LJ82
4374,B06W568Y6C
4375,B06W5GRV4B
4376,B06W5XBMQ3
4377,B06WD5JKTQ
4378,B06WD5PRMX
4379,B06WD83Z36
4380,B06WD843ZM
4381,B06WGL8X4D
4382,B06WGWRPV5
4383,B06WLM1HGT
4384,B06WLNDD2D
4385,B06WP2Y7B4
4386,B06WP2ZT5N
4387,B06WRS6SXB
4388,B06WRS7Y6K
4389,B06WVFMPWF
4390,B06WVGWWTR
4391,B06WVQ83HT
4392,B06WWH3FJ9
4393,B06WWNN5S4
4394,B06X15PWZX
4395,B06X16Z7DZ
4396,B06X3SGR9Q
4397,B06X3V98WV
4398,B06X6N66TW
4399,B06X9NQ8GX
4400,B06X9R275S
4401,B06XC2GJTF
4402,B06XCD2LGF
4403,B06XCW7KW3
4404,B06XCWRCC2
4405,B06XCWYJNP
4406,B06XCZYWHF
4407,B06XD1K5S6
4408,B06XD5YCKX
4409,B06XD6NWH8
4410,B06XDMD7WK
4411,B06XFT248Z
4412,B06XFT48Z2
4413,B06XG43PWH
4414,B06XG4MHFJ
4415,B06XG8Q4Z1
4416,B06XGGQZ53
4417,B06XGHMDJ1
4418,B06XGHP6S9
4419,B06XGJVHV8
4420,B06XGK8XNJ
4421,B06XGKBL3R
4422,B06XGQKBNT
4423,B06XGV4QXP
4424,B06XH1KKT8
4425,B06XHWWJRW
4426,B06XHY5VXF
4427,B06XK9SPKC
4428,B06XKCPK5W
4429,B06XKLJCT6
4430,B06XKM77TP
4431,B06XKQZJ51
4432,B06XKRWWSG
4433,B06XKW15XQ
4434,B06XKWY6S6
4435,B06XL1GKRV
4436,B06XMRQ7GF
4437,B06XMS7QPN
4438,B06XNN3F91
4439,B06XNZJTGD
4440,B06XP6ZJZF
4441,B06XPCSVNS
4442,B06XPHBPV3
4443,B06XPRMP6L
4444,B06XQR43GL
4445,B06XQRX2C6
4446,B06XQSX2S3
4447,B06XQV5DDP
4448,B06XRG9QDV
4449,B06XRT2B3P
4450,B06XRTFG29
4451,B06XS5RCCS
4452,B06XSGYL1Q
4453,B06XSJV5B9
4454,B06XSPNJF8
4455,B06XSX2DYR
4456,B06XT1BD3X
4457,B06XT2W8P3
4458,B06XTQ2QHF
4459,B06XTWZL2W
4460,B06XTXQ5V6
4461,B06XVST3P9
4462,B06XVXRYTM
4463,B06XW3RTMM
4464,B06XW7D58S
4465,B06XW8PVTJ
4466,B06XWFKS91
4467,B06XWFMWS7
4468,B06XWKLVX6
4469,B06XWW45QD
4470,B06XWW5V91
4471,B06XX29S9Q
4472,B06XXMFMG8
4473,B06XXXJPSB
4474,B06XXZRMXL
4475,B06XYSSVWY
4476,B06Y13JD9F
4477,B06Y17LKCH
4478,B06Y1J7WCC
4479,B06Y2GZWCJ
4480,B06Y2KW888
4481,B06Y2TV8SW
4482,B06Y2VP3C7
4483,B06Y3M8CGQ
4484,B06Y41KDDT
4485,B06Y427WT7
4486,B06Y42RKPF
4487,B06Y4K6RFG
4488,B06Y4M2W31
4489,B06Y4NDDRZ
4490,B06Y5WDVV3
4491,B06Y5YTQGV
4492,B06Y61YW7S
4493,B06Y63W4SZ
4494,B06Y64CSJ3
4495,B06Y65B78C
4496,B06ZXY7XP9
4497,B06ZXYKFX6
4498,B06ZY5GMN9
4499,B06ZYJ4LKQ
4500,B06ZYJ5DPD
4501,B06ZYJD13N
4502,B06ZYSMKJ4
4503,B06ZZ2LC7Y
4504,B06ZZ38STH
4505,B06ZZ3NS5F
4506,B06ZZ55MZH
4507,B06ZZCZS7R
4508,B06ZZD1WGJ
4509,B06ZZD3LF4
4510,B06ZZD4P5X
4511,B06ZZLLLVK
4512,B06ZZY14LK
4513,B0711H8PD3
4514,B0711NQQ64
4515,B0711S7MJW
4516,B0711ZL1X4
4517,B07121TS59
4518,B0713RRZMB
4519,B07143TYLB
4520,B07169LQ5P
4521,B0716DTKXH
4522,B0716F82JX
4523,B07193SG3D
4524,B0719KZW4L
4525,B071D5PTYP
4526,B071DDZ72W
4527,B071DHWT5Y
4528,B071DPCKQ6
4529,B071DWG4C8
4530,B071DWXLYL
4531,B071FC3F3Z
4532,B071FXZBMV
4533,B071GVLZCQ
4534,B071HSGBZC
4535,B071HVYGNJ
4536,B071J3PFJJ
4537,B071J9GQP8
4538,B071JDQ77F
4539,B071JN3KYN
4540,B071JN4FW6
4541,B071K9D76J
4542,B071KGJ3GM
4543,B071KQC456
4544,B071KYY5K4
4545,B071L32Q8W
4546,B071L3GM4L
4547,B071NGJ81Z
4548,B071NGXJWB
4549,B071NKRJ6G
4550,B071P26PBW
4551,B071P3ZW8R
4552,B071P72R59
4553,B071P85SGX
4554,B071R252SZ
4555,B071R35LK1
4556,B071R715MZ
4557,B071RCDFHL
4558,B071RK5FYY
4559,B071RPVJWM
4560,B071VCKPX6
4561,B071VZLR13
4562,B071W1C9YB
4563,B071WDHRSF
4564,B071WK17VV
4565,B071WK9354
4566,B071WLPRHN
4567,B071WPP3W7
4568,B071X7LN6L
4569,B071X8NZF8
4570,B071XM9JV2
4571,B071XSG23K
4572,B071XTGHFT
4573,B071XTKD9M
4574,B071XY12YY
4575,B071Y2SG3R
4576,B071YLM1Z7
4577,B071YLXX9S
4578,B071YMK5Q5
4579,B071YPNMN1
4580,B071Z2WHPR
4581,B071Z8KX9J
4582,B071ZFR7G2
4583,B071ZLDT91
4584,B0721BVC6F
4585,B0721KR152
4586,B0721MP41Q
4587,B0721PM15W
4588,B0721VPSPC
4589,B0722B3FPG
4590,B0722KX9XQ
4591,B0723DFSZ8
4592,B0723G78FP
4593,B07255T6SW
4594,B0725LC82Y
4595,B0725QJM6X
4596,B0725Z12NR
4597,B0727LN7CC
4598,B0727RN5WG
4599,B0727YR476
4600,B072865GX1
4601,B0728C8LD7
4602,B0728GY2VR
4603,B072B87KJW
4604,B072B88SRM
4605,B072BBBWQH
4606,B072BRSP7G
4607,B072BXQCLX
4608,B072C4KCQH
4609,B072C5LS2P
4610,B072C73PK3
4611,B072DVDDJB
4612,B072FBN83F
4613,B072FHJVT2
4614,B072FPNGZB
4615,B072HSJ2LJ
4616,B072J2HGJR
4617,B072JML2GZ
4618,B072JV2WNX
4619,B072JW9LT8
4620,B072JWYJMC
4621,B072KNBV21
4622,B072LZZZXB
4623,B072M34RQC
4624,B072MH1434
4625,B072MKFNV6
4626,B072MMSCHZ
4627,B072N2JBST
4628,B072NZ36VK
4629,B072NZZ3PK
4630,B072P11H8L
4631,B072QLXK2T
4632,B072SJYB3X
4633,B072V1BP9T
4634,B072Y118FF
4635,B072ZN4PSB
4636,B072ZNBW23
4637,B072ZRPFF6
4638,B0731JTG73
4639,B0731MF67B
4640,B07324B77V
4641,B0732C16MQ
4642,B0732ZGJTD
4643,B07338T29M
4644,B073392QHL
4645,B0738C7RXF
4646,B0739GSKV2
4647,B073CTNHTH
4648,B073FFBLFZ
4649,B073GCN1RJ
4650,B073GX3H12
4651,B073GZBT36
4652,B073H8C5GP
4653,B073J7KY1P
4654,B073JWXGNT
4655,B073JYC4XM
4656,B073LL3TRD
4657,B073P2Y69T
4658,B073PGW7DN
4659,B073PS2R59
4660,B073QSCMT5
4661,B073QWRXJV
4662,B073QX1ZMS
4663,B073QZBD67
4664,B073R52Y2H
4665,B073R68TSH
4666,B073R74R3V
4667,B073RFF42Z
4668,B073RMVZCW
4669,B073TQSMHN
4670,B073TSK26W
4671,B073TSKFRX
4672,B073V2LY6B
4673,B073VC4KGT
4674,B073VJVH1N
4675,B073VLY6ST
4676,B073VMG4FN
4677,B073VN569G
4678,B073VRY92C
4679,B073W72BG3
4680,B073WB5DG8
4681,B073WFKWJB
4682,B073X1G88Q
4683,B073X45SRV
4684,B073X8FYPD
4685,B073XFW5RJ
4686,B073XLDN23
4687,B073XRS1ZN
4688,B073XTCXXW
4689,B073Z2THMM
4690,B073ZBJZQG
4691,B073ZGGCWX
4692,B07414FZLW
4693,B07418KF7N
4694,B07424N1SX
4695,B0742J69SQ
4696,B0742T8LRM
4697,B0743BTWDC
4698,B0743YYZYB
4699,B074481TQT
4700,B07454F4JH
4701,B07456BG8N
4702,B07458MP46
4703,B0745BYF7F
4704,B0745FBF61
4705,B07465WLVF
4706,B0746MDWH9
4707,B0746N6GVW
4708,B0746Y8WD1
4709,B0746ZT1Y3
4710,B0747813GV
4711,B0747JH7WH
4712,B0747L6G9Q
4713,B074822GN4
4714,B0748KYTZN
4715,B074CM994T
4716,B074CPK9SB
4717,B074DHX98S
4718,B074DM14SC
4719,B074DXQ5VL
4720,B074F2PHLB
4721,B074F3M2W8
4722,B074F3YW3R
4723,B074F4D3ML
4724,B074G1W2RC
4725,B074G2SGPW
4726,B074G87QSQ
4727,B074G884PQ
4728,B074HLGLFT
4729,B074HVY1GR
4730,B074JKT894
4731,B074JT3698
4732,B074K35TJZ
4733,B074KGV4KL
4734,B074KVFNDP
4735,B074LQFVM2
4736,B074M3RBMR
4737,B074MGY628
4738,B074N3G9SW
4739,B074N81CZN
4740,B074N81NZ3
4741,B074P4MG1Q
4742,B074P9Q7PJ
4743,B074PDBK5T
4744,B074PKPNNN
4745,B074PP3ZPF
4746,B074PPQKPR
4747,B074RNRM2B
4748,B074T8WSBX
4749,B074TC662N
4750,B074TD98BB
4751,B074TMJ44M
4752,B074TRFRWN
4753,B074VC5QP7
4754,B074VF5N14
4755,B074VMZ8JB
4756,B074VY4LRV
4757,B074W2JMS6
4758,B074W434H1
4759,B074WV2N4R
4760,B074WX654Z
4761,B074X5WXZQ
4762,B074XCZG32
4763,B074YXH9WX
4764,B074ZNLM9J
4765,B07514FL43
4766,B0751RYDQR
4767,B07528HRYB
4768,B0752L1PS4
4769,B0752L2ZVJ
4770,B0752LJH8F
4771,B0752LWG5G
4772,B07532HKWG
4773,B07533FCRB
4774,B07534QN58
4775,B07538T649
4776,B0753928MQ
4777,B0753CYN87
4778,B0753FLLRM
4779,B0753GNMW2
4780,B0753K19G2
4781,B0753P1GTS
4782,B0753Q47X3
4783,B0753R71ZH
4784,B075425VZD
4785,B07544MKHR
4786,B0754KJQZ4
4787,B0754QK224
4788,B0755KJ56W
4789,B0755MYGW5
4790,B0756HHHL2
4791,B0756T7R5T
4792,B0756Z8X82
4793,B07572Q75X
4794,B075785C8K
4795,B0757SVSL1
4796,B0757X6NFN
4797,B07586VK1V
4798,B075B5T7L5
4799,B075CLRPJF
4800,B075DBTMNB
4801,B075DDZ3RC
4802,B075DFGX2G
4803,B075F92XJS
4804,B075FT7JNC
4805,B075FWDM5S
4806,B075G3PKMD
4807,B075J4RKGH
4808,B075JB46XP
4809,B075JZNHTD
4810,B075K137LH
4811,B075K2N195
4812,B075K89NTR
4813,B075KCYLNJ
4814,B075KP9XHS
4815,B075KZTN4J
4816,B075L5ZGDR
4817,B075LFT672
4818,B075LX7S6B
4819,B075M5BDCF
4820,B075M6275Q
4821,B075M9PT6H
4822,B075MCBMDD
4823,B075MH74J7
4824,B075MWP9KH
4825,B075N83B9X
4826,B075NCMLYL
4827,B075NFX24M
4828,B075NMVGP7
4829,B075NTQJ3D
4830,B075NWYMRY
4831,B075P4CD9W
4832,B075PN4B4W
4833,B075Q4WSXD
4834,B075QC3TZY
4835,B075QWLV3J
4836,B075R47KS1
4837,B075R569LZ
4838,B075R6RKW5
4839,B075R9DMWK
4840,B075RJS55D
4841,B075RQZLBF
4842,B075RW6DJ9
4843,B075S8V728
4844,B075SY2DMD
4845,B075V234VL
4846,B075VS6L22
4847,B075VSG1TQ
4848,B075WPN5HX
4849,B075WXCSKG
4850,B075X1KPLZ
4851,B075X21D8S
4852,B075X8471B
4853,B075XJMDYF
4854,B075XMZMWY
4855,B075XN1NZC
4856,B075XS7N1S
4857,B075Y8QZYQ
4858,B075YHVB7Y
4859,B075YL2T5J
4860,B07619J7RQ
4861,B0761QJXHQ
4862,B0761W1SYN
4863,B0762K6P37
4864,B0762QT7S6
4865,B07631T31N
4866,B07639FPT1
4867,B07647T8NX
4868,B0764DQM28
4869,B0764H8ZVB
4870,B0764NYK7B
4871,B0764WCXCV
4872,B0765CN7CM
4873,B0765D6NJV
4874,B0765XK48L
4875,B0765YZM2J
4876,B0765YZMVY
4877,B0765ZQJPK
4878,B07679MY8T
4879,B076B6HGNQ
4880,B076CTL39C
4881,B076CY7PW5
4882,B076DD5JNS
4883,B076DFGKCB
4884,B076FFKYK2
4885,B076FKNL69
4886,B076FRDPJ6
4887,B076FRDQ3N
4888,B076FTHTKF
4889,B076G6YKWZ
4890,B076GVVB6R
4891,B076H6MYLW
4892,B076H7HV8B
4893,B076H996XM
4894,B076HFJJZP
4895,B076HFYGLR
4896,B076HHRX7C
4897,B076HLPGK7
4898,B076HS8BVT
4899,B076JDHCRG
4900,B076JDXPRG
4901,B076JL88T7
4902,B076JW9GX6
4903,B076K6QXF5
4904,B076L6ZLX6
4905,B076MNDX1M
4906,B076Q5K54R
4907,B076TW4Z96
4908,B076V5CGJ4
4909,B076VPT9NH
4910,B076XFGK32
4911,B076Y6YL7Z
4912,B076YV7V1G
4913,B076ZWHVG4
4914,B07718V6S8
4915,B0771VF9TJ
4916,B07725JKKY
4917,B0772Y1FVD
4918,B0773F8S74
4919,B0773LRXS8
4920,B0774RGDT5
4921,B0774X57HG
4922,B07751L4BG
4923,B0775C11JX
4924,B0777KG1K2
4925,B0777RQL3M
4926,B0777SJZ55
4927,B07783VF16
4928,B0778L4BL5
4929,B0778NFJD5
4930,B07791CDMC
4931,B07796ZFBW
4932,B0779GFTSG
4933,B0779HRWW1
4934,B0779JNC1P
4935,B0779NY6PC
4936,B0779V61XB
4937,B077BB9QZW
4938,B077BJ3QZQ
4939,B077BQL5G2
4940,B077BWVJZ1
4941,B077CLZQNL
4942,B077D11NL1
4943,B077D5MC5M
4944,B077G2T2N7
4945,B077G5KV4C
4946,B077GCMQXJ
4947,B077GP2JBG
4948,B077HD38VF
4949,B077HFFLMS
4950,B077HNPLHZ
4951,B077HW9XM7
4952,B077J8N4Q4
4953,B077KFNRZW
4954,B077KRZNT9
4955,B077M3C8QD
4956,B077MJZ6ZG
4957,B077MTNV41
4958,B077MTS3Z2
4959,B077P7GM7Z
4960,B077P9P9TC
4961,B077PMHVT6
4962,B077PV2WX3
4963,B077Q8RNH5
4964,B077Q9DVXJ
4965,B077QGS9C6
4966,B077RKPYCS
4967,B077S5LZ3J
4968,B077S6KQ88
4969,B077SCPGGL
4970,B077SF8KMG
4971,B077SMC7TN
4972,B077T4G4PX
4973,B077TDPVB6
4974,B077TJS8D5
4975,B077TK5P4F
4976,B077TK7QQT
4977,B077TPFXZV
4978,B077TVSX7V
4979,B077TY2YN2
4980,B077V2BF3C
4981,B077VN9VQQ
4982,B077W8JVFY
4983,B077X5XBC4
4984,B077XGL4PG
4985,B077XJB1Z8
4986,B077XNZV1S
4987,B077Y3GDGB
4988,B077Y84XBW
4989,B077Y93YRR
4990,B077YB76J9
4991,B077YBMN1X
4992,B077YKVLP2
4993,B077YM331D
4994,B077ZT29P2
4995,B078162HNC
4996,B0781J8WKW
4997,B0781VC53L
4998,B0781VN7W5
4999,B0781VZZVR
5000,B078213MG4
5001,B0784P9DBK
5002,B0784RR8YH
5003,B0784SY515
5004,B0785NMZFJ
5005,B0786RD524
5006,B078747Y65
5007,B0787GLJNQ
5008,B0787HCKR2
5009,B0787JNNXH
5010,B078872GWH
5011,B07889L6QH
5012,B07894K3N5
5013,B0789STPC2
5014,B078BDJC96
5015,B078C9Z7Y9
5016,B078CQSHDV
5017,B078FBC6ZY
5018,B078GK6JD3
5019,B078GL92Y3
5020,B078GM723Q
5021,B078GVY67C
5022,B078GWJ44Z
5023,B078GYWWYM
5024,B078HD8SGN
5025,B078HFRNSP
5026,B078HT6611
5027,B078HVVCN4
5028,B078HWWJ8S
5029,B078HXF9H2
5030,B078JWNK19
5031,B078KSHVCS
5032,B078KTY6W6
5033,B078L3WBJK
5034,B078L5WKW3
5035,B078MBL6KM
5036,B078MPFN55
5037,B078MW9GC6
5038,B078N74NXD
5039,B078PJX6ZJ
5040,B078PPH6GH
5041,B078RQVQF1
5042,B078RSZ4H9
5043,B078S5KP5S
5044,B078S6Y1VT
5045,B078SNKQV9
5046,B078SSXBCC
5047,B078STRHBX
5048,B078T633Q9
5049,B078TMMDZZ
5050,B078TP5S33
5051,B078VSTWRS
5052,B078W38K66
5053,B078W71CCN
5054,B078WG7HZY
5055,B078WMQ9VV
5056,B078X3FB18
5057,B078XDLDNM
5058,B078YN3VW8
5059,B078YP92Y6
5060,B078YR2MTF
5061,B078Z2KK7C
5062,B0791SG138
5063,B0791T9CV7
5064,B0791TX5P5
5065,B0791W7C8Z
5066,B0791W7C9V
5067,B07925B8PD
5068,B0792GSLTF
5069,B0792K2BK6
5070,B0792MJL1B
5071,B0792Q2H8G
5072,B0792SBYZ8
5073,B07932VG2Q
5074,B0793GSQHZ
5075,B0793JT2V2
5076,B0793MSG7S
5077,B0794RDMDN
5078,B0794SCYM8
5079,B07953PBRF
5080,B07953S2FD
5081,B0795DP124
5082,B07961C64Q
5083,B0796JLCH4
5084,B0797F2V5C
5085,B0797LQT4V
5086,B07989YBCH
5087,B0798VJN3Z
5088,B07995B8L1
5089,B079BZQ987
5090,B079C8KJNJ
5091,B079D3DBNM
5092,B079D7XHBM
5093,B079D8FD28
5094,B079D9B82W
5095,B079DCRY2R
5096,B079DF77MX
5097,B079FH32V1
5098,B079FXKHY9
5099,B079FYG5TC
5100,B079GLZKH5
5101,B079GPFLT1
5102,B079GSYQH2
5103,B079GVJ6L1
5104,B079H1JQY7
5105,B079H3L25S
5106,B079J5SJLS
5107,B079JFJ1BF
5108,B079JGX6P6
5109,B079JRYQFS
5110,B079KWBYGR
5111,B079LMPP9C
5112,B079MRJHSD
5113,B079MSMRDF
5114,B079MWLN9C
5115,B079NC42V4
5116,B079NKQ1ZF
5117,B079NPDPFH
5118,B079PBR4VV
5119,B079PG7JPP
5120,B079PJ1GPT
5121,B079PKXWBH
5122,B079Q33QS6
5123,B079Q92W16
5124,B079QH5KW1
5125,B079QKYHPN
5126,B079QPT28R
5127,B079RRJGRC
5128,B079S6S9QT
5129,B079TGL2BZ
5130,B079TXVL1W
5131,B079V7Y419
5132,B079VHLF8Y
5133,B079W9PMY4
5134,B079WS5TQ9
5135,B079WVXJLG
5136,B079Y4MW5F
5137,B079Y9H3XT
5138,B079YC1TRH
5139,B079YFY182
5140,B079YGGXZR
5141,B079YM5K8K
5142,B079YZGXDW
5143,B079Z893LS
5144,B079Z981R2
5145,B079ZJZD33
5146,B079ZNSHDN
5147,B079ZPBLNY
5148,B07B1NLJCF
5149,B07B1Q66LN
5150,B07B1RPJTP
5151,B07B428V2L
5152,B07B4P7CXS
5153,B07B4V62LH
5154,B07B4VBHXJ
5155,B07B4WHLT2
5156,B07B5FB67N
5157,B07B65CXL9
5158,B07B68DCPY
5159,B07B6L2QCF
5160,B07B6N2RVC
5161,B07B7KQCSM
5162,B07B7YCVBH
5163,B07B8G6CMT
5164,B07B8QSS41
5165,B07B8VKGLG
5166,B07B8YM23S
5167,B07B9661X8
5168,B07B9JZLZ9
5169,B07B9PLL3G
5170,B07B9R67WR
5171,B07B9VNTW7
5172,B07BBNY7N3
5173,B07BC18V2J
5174,B07BC2PNVL
5175,B07BC6WH7V
5176,B07BC7BMHY
5177,B07BDR5PDW
5178,B07BFRHZLB
5179,B07BFTR6KS
5180,B07BH2BFLD
5181,B07BHDLXGK
5182,B07BHGD33F
5183,B07BHHR151
5184,B07BHKGBG3
5185,B07BHKZX6V
5186,B07BHPBMPT
5187,B07BHWKW38
5188,B07BHXPYPV
5189,B07BHXYJXB
5190,B07BHXYL7Q
5191,B07BHYCD81
5192,B07BJ5DT6T
5193,B07BJ9NNGC
5194,B07BKS5BY4
5195,B07BKV8P5M
5196,B07BKXXV65
5197,B07BLKHJF1
5198,B07BLKHQK6
5199,B07BLXKMFC
5200,B07BLYNC2G
5201,B07BM9DS5S
5202,B07BMHSL19
5203,B07BMJH2XF
5204,B07BMJJQMK
5205,B07BMVY2JG
5206,B07BMZ7H6R
5207,B07BN1F7CX
5208,B07BN3MLNR
5209,B07BN59XH4
5210,B07BN6WQQS
5211,B07BN7WDPW
5212,B07BNH9V3W
5213,B07BNQ321S
5214,B07BNT3NM4
5215,B07BNT698L
5216,B07BNXBFPB
5217,B07BP1222X
5218,B07BPHML28
5219,B07BPKKYHY
5220,B07BPKL2D2
5221,B07BQ28TQ6
5222,B07BQC7GNL
5223,B07BR7K4MX
5224,B07BR8DXQJ
5225,B07BR9N2JW
5226,B07BRDSSH5
5227,B07BRQPVFZ
5228,B07BRTJTGN
5229,B07BRW8BJM
5230,B07BRX9PK8
5231,B07BRZ17K8
5232,B07BRZCF6L
5233,B07BSGQNTK
5234,B07BSJCMGS
5235,B07BSRLXTW
5236,B07BSVLHYD
5237,B07BSW5SCJ
5238,B07BSZFYGB
5239,B07BTHNW9W
5240,B07BTLS3R8
5241,B07BTS2KWK
5242,B07BV2GNLH
5243,B07BV5MB1L
5244,B07BV5VMDS
5245,B07BVBQKZK
5246,B07BW18XZP
5247,B07BWBN5PP
5248,B07BWFNBZK
5249,B07BWL48M6
5250,B07BWMNQTY
5251,B07BX4X77P
5252,B07BX587SD
5253,B07BXD6MB4
5254,B07BY45R2S
5255,B07BY7DF23
5256,B07BYR66X6
5257,B07BZFJJNK
5258,B07BZFJVL5
5259,B07BZK6C6Z
5260,B07BZPFZDZ
5261,B07BZSXQ42
5262,B07C112XZ4
5263,B07C11NHHK
5264,B07C1263TQ
5265,B07C14ZM17
5266,B07C16TCL8
5267,B07C1BGXR7
5268,B07C1CD8HR
5269,B07C1DGWHH
5270,B07C1DJDSV
5271,B07C1GR9SR
5272,B07C1JX8D3
5273,B07C1M321K
5274,B07C1RSV9C
5275,B07C28CWZD
5276,B07C2MLSXN
5277,B07C33HTXS
5278,B07C34VGKR
5279,B07C387NHL
5280,B07C38QX19
5281,B07C3KCZML
5282,B07C3NSZWX
5283,B07C3NTZ9V
5284,B07C3TKGS1
5285,B07C3W6DFP
5286,B07C44DM6D
5287,B07C4J5718
5288,B07C4PJFBT
5289,B07C4PZ3BV
5290,B07C4TLHZ6
5291,B07C4VNNKL
5292,B07C512D9Q
5293,B07C54VTKV
5294,B07C56JTN7
5295,B07C58YLJY
5296,B07C5FB9BS
5297,B07C5FXBB6
5298,B07C5KK7ZH
5299,B07C5QRJZD
5300,B07C5WBKWF
5301,B07C5XV34B
5302,B07C6HDPYH
5303,B07C6JCFY5
5304,B07C6S92B8
5305,B07C75KF1K
5306,B07C7D1XVK
5307,B07C7MS42K
5308,B07C7Y52DC
5309,B07C88GZPD
5310,B07C8BD51Q
5311,B07C8GYYBB
5312,B07C8KPPH9
5313,B07C8KVP9F
5314,B07C8L6JCF
5315,B07C96NK8P
5316,B07C9C7N4G
5317,B07C9H4JY8
5318,B07C9HPFWK
5319,B07C9MZ53G
5320,B07C9X5RCT
5321,B07CB1KLF3
5322,B07CB22VVJ
5323,B07CB73RWF
5324,B07CBS1CV6
5325,B07CBSSNXG
5326,B07CCGSBM2
5327,B07CCKLTJ3
5328,B07CCZLJWP
5329,B07CD9T9FN
5330,B07CDBN5D6
5331,B07CDFPCVJ
5332,B07CDQNRGX
5333,B07CFHX8NX
5334,B07CFMLS2C
5335,B07CG2PGY6
5336,B07CG7R8QZ
5337,B07CGB33W9
5338,B07CGK4L9F
5339,B07CGT6QX1
5340,B07CH2V7WM
5341,B07CH47861
5342,B07CH8L9QD
5343,B07CHLML41
5344,B07CHXLSR7
5345,B07CHXLVGS
5346,B07CJ2Z4DZ
5347,B07CJ56D8T
5348,B07CJ7SKWT
5349,B07CJ81QXN
5350,B07CJQJDTG
5351,B07CJQLCBL
5352,B07CJRW5BZ
5353,B07CJYMRWM
5354,B07CK7LG51
5355,B07CKD3MD9
5356,B07CKMGV8Z
5357,B07CKPPSB4
5358,B07CKR1K65
5359,B07CKT7BJX
5360,B07CKWWDJT
5361,B07CL8S2S6
5362,B07CLBNM1C
5363,B07CLCV4HF
5364,B07CLK2XVV
5365,B07CLP2456
5366,B07CM5NZRC
5367,B07CMBQFQL
5368,B07CMFMQM7
5369,B07CMG8PB4
5370,B07CMK6QYC
5371,B07CMPM47M
5372,B07CMSMD5P
5373,B07CMVXLZH
5374,B07CMXS5FP
5375,B07CN3RVTF
5376,B07CN6S9S5
5377,B07CN7SPGB
5378,B07CN9QM4T
5379,B07CNBJFFT
5380,B07CNTS58D
5381,B07CPDKY33
5382,B07CPFBQDK
5383,B07CPFJPKD
5384,B07CPL8QQ8
5385,B07CPMQGJN
5386,B07CPNR79C
5387,B07CPTM23L
5388,B07CQCMZB9
5389,B07CQDHPFT
5390,B07CQFHDN7
5391,B07CQFHHK7
5392,B07CQMZVZ6
5393,B07CQP7P2S
5394,B07CQWNLTQ
5395,B07CQZLH84
5396,B07CRD232T
5397,B07CRF3PYW
5398,B07CRJPXRT
5399,B07CRNQ8XP
5400,B07CRNVF6F
5401,B07CRSK5DM
5402,B07CRW9JFS
5403,B07CSF8ZNK
5404,B07CSYDL8L
5405,B07CT3V27S
5406,B07CT41R8T
5407,B07CT57D1L
5408,B07CT6KSPQ
5409,B07CT9KZ48
5410,B07CTJKLN3
5411,B07CTR53KF
5412,B07CTTQXB7
5413,B07CTVZJQ4
5414,B07CTYKVFC
5415,B07CTYV83Z
5416,B07CV2TJLP
5417,B07CV44462
5418,B07CV6P572
5419,B07CV8DP1X
5420,B07CV9L6GY
5421,B07CVHQ1YY
5422,B07CVLHN7C
5423,B07CVS184V
5424,B07CVVP5X8
5425,B07CW2XC7H
5426,B07CWF332K
5427,B07CWF33J1
5428,B07CWGYS4Y
5429,B07CWT66DG
5430,B07CWZ35FG
5431,B07CXF452P
5432,B07CXQRMLQ
5433,B07CY7NLNN
5434,B07CYJRCKH
5435,B07CYPND7K
5436,B07CZ2PZJM
5437,B07CZ3WXYX
5438,B07CZ4X3VM
5439,B07CZ6DCZ7
5440,B07CZR11DW
5441,B07CZTNMJK
5442,B07CZWP4N7
5443,B07CZZXXMW
5444,B07D18BQ9S
5445,B07D1NK1QK
5446,B07D1PRD6J
5447,B07D1TRJ2C
5448,B07D1VJS1B
5449,B07D1XGQHJ
5450,B07D276WPW
5451,B07D2BHVBD
5452,B07D2DG4BP
5453,B07D2GSY9S
5454,B07D2VHS7B
5455,B07D34L57F
5456,B07D3MXJ15
5457,B07D3WRJ2K
5458,B07D46P9DB
5459,B07D4734HR
5460,B07D48JV9T
5461,B07D4Z36V8
5462,B07D581GYH
5463,B07D5CGJCM
5464,B07D6L7N1G
5465,B07D6XR7FM
5466,B07D6Z3HPH
5467,B07D73HMVR
5468,B07D75MVX9
5469,B07D77BLWK
5470,B07D78Y5TN
5471,B07D7S8GR9
5472,B07D7SX9NS
5473,B07D7VXSWD
5474,B07D81YXPH
5475,B07D8493DM
5476,B07D89P7D4
5477,B07D8B626T
5478,B07D8DRJ6G
5479,B07D8FDPX6
5480,B07D8FWWBC
5481,B07D8G9QM4
5482,B07D8GPJFD
5483,B07D8GPPKR
5484,B07D8GZJ8M
5485,B07D8H5TWH
5486,B07D8H81QS
5487,B07D8J1CGR
5488,B07D8JK4HM
5489,B07D8K5PT5
5490,B07D8X14KH
5491,B07D961XT2
5492,B07D9Y6SRJ
5493,B07DBX67NC
5494,B07DBYS7DG
5495,B07DBZ3J55
5496,B07DC4PZC4
5497,B07DC4RZPY
5498,B07DC7DCTG
5499,B07DC8673V
5500,B07DCCJ1FX
5501,B07DCGFWNQ
5502,B07DCPJBC3
5503,B07DCRVBYX
5504,B07DD3WMFL
5505,B07DD7HTZR
5506,B07DD9YFJ7
5507,B07DDDLQZV
5508,B07DDJDT56
5509,B07DDJYBSW
5510,B07DDQPD74
5511,B07DDX568J
5512,B07DF9FP9P
5513,B07DFSK5LM
5514,B07DG98P2K
5515,B07DGF7MZS
5516,B07DGMMRJV
5517,B07DGY2HBC
5518,B07DHDFW5V
5519,B07DHLZ7Z2
5520,B07DHQHK7Q
5521,B07DHQWR3C
5522,B07DHYDJGJ
5523,B07DJ3WRTB
5524,B07DJWFJ8V
5525,B07DJX6Z13
5526,B07DK4DBBH
5527,B07DKJL6JZ
5528,B07DKMJ61N
5529,B07DL4QY5V
5530,B07DLFZ5KH
5531,B07DLP63DT
5532,B07DLQZCG4
5533,B07DLTYC6S
5534,B07DLWY372
5535,B07DMD3FDB
5536,B07DMJP3Y2
5537,B07DMMBD4F
5538,B07DN7XBN3
5539,B07DNSZPXG
5540,B07DNTNB17
5541,B07DNX7HYN
5542,B07DNZ2HH3
5543,B07DNZZCPX
5544,B07DP4S1QN
5545,B07DPBCMJY
5546,B07DPLD6KB
5547,B07DPM3FYR
5548,B07DQ96B95
5549,B07DQCDY9M
5550,B07DQF8LHL
5551,B07DQG49DK
5552,B07DR89CD9
5553,B07DRC6MCG
5554,B07DRCDQNY
5555,B07DS1G6NG
5556,B07DTNNS1X
5557,B07DV2X8ZY
5558,B07DV3FXRK
5559,B07DVFHX6M
5560,B07DW3S691
5561,B07DWM9WNM
5562,B07DWNYYQ3
5563,B07DX7TGJ2
5564,B07DXC6CG8
5565,B07DXK8YDX
5566,B07F281TT7
5567,B07F2GQGTY
5568,B07F2RFMQG
5569,B07F2V134P
5570,B07F2YKPB3
5571,B07F3FTVQF
5572,B07F3HY5N3
5573,B07F3K9CH1
5574,B07F3SFZ4Z
5575,B07F3TJ1TX
5576,B07F3TQW9K
5577,B07F44D6SZ
5578,B07F49QQDZ
5579,B07F4MYW5B
5580,B07F4P3JH7
5581,B07F66PZBQ
5582,B07F6DMCX4
5583,B07F6VYS2X
5584,B07F7QCV9Z
5585,B07F8LV1BY
5586,B07F97CZ1H
5587,B07FB6VW1M
5588,B07FB7ND7S
5589,B07FBZ8C7J
5590,B07FC847PJ
5591,B07FCHTPJ4
5592,B07FCKYFRC
5593,B07FCVL3SC
5594,B07FDJMC9Q
5595,B07FDJRGKN
5596,B07FDP1B6B
5597,B07FDQYL8K
5598,B07FDT79NS
5599,B07FDVYDB3
5600,B07FFCTZLC
5601,B07FFFBBWG
5602,B07FFQSVQ7
5603,B07FFSCBDZ
5604,B07FFTTFLG
5605,B07FG7SBS9
5606,B07FHHPBX7
5607,B07FHWB2V4
5608,B07FHXH3S7
5609,B07FJGGWJL
5610,B07FK64GRS
5611,B07FK9P3H5
5612,B07FK9RMGB
5613,B07FKFTH8L
5614,B07FKH9N92
5615,B07FKJLPCN
5616,B07FKKN3GC
5617,B07FL2BZZ7
5618,B07FL3PXZY
5619,B07FLH7VLQ
5620,B07FLMX1VG
5621,B07FLQB2YY
5622,B07FMJDNWK
5623,B07FN1DHSS
5624,B07FN3TNS6
5625,B07FN9PR61
5626,B07FNJB8TT
5627,B07FNL4STM
5628,B07FNPB32Q
5629,B07FP2Q5NZ
5630,B07FP8VLXS
5631,B07FPG52ZT
5632,B07FPJML46
5633,B07FPL22QT
5634,B07FPP6TB5
5635,B07FPR6ML9
5636,B07FPVF2M6
5637,B07FQ2TFBC
5638,B07FQ94LV7
5639,B07FQ9PPFQ
5640,B07FQDMKFT
5641,B07FQTZ6P3
5642,B07FQXYF8Z
5643,B07FR1LQNZ
5644,B07FSDCQBH
5645,B07FSSR6Z4
5646,B07FSZKFX4
5647,B07FTRRPTJ
5648,B07FTSFGXH
5649,B07FTSXDK4
5650,B07FV498TT
5651,B07FW38SF8
5652,B07FWTYNNW
5653,B07FWYLKSG
5654,B07FX68X1Y
5655,B07FX6MRT3
5656,B07FX7VMHQ
5657,B07FX7Z3NR
5658,B07FX8MDJZ
5659,B07FXLSTJQ
5660,B07FY155ML
5661,B07FY7X3JH
5662,B07FZ3RK2X
5663,B07FZMC5SC
5664,B07FZVK7YT
5665,B07G13P3H5
5666,B07G1XCQBL
5667,B07G28NF3L
5668,B07G2RTCZ6
5669,B07G2XC8C6
5670,B07G32CTT2
5671,B07G3N1PPF
5672,B07G3TRYTW
5673,B07G4K8PH9
5674,B07G4TX827
5675,B07G4ZG7L4
5676,B07G52NHBZ
5677,B07G54S9J8
5678,B07G57JHYP
5679,B07G5C4YLY
5680,B07G5JV2B5
5681,B07G5MZZY5
5682,B07G5T65JQ
5683,B07G5YXYFL
5684,B07G5ZG3Q4
5685,B07G61JRYR
5686,B07G61MF64
5687,B07G61MFF6
5688,B07G62CTBW
5689,B07G7468KK
5690,B07G7BVMCX
5691,B07G7VT8KQ
5692,B07G8BR51Z
5693,B07G8YBTLB
5694,B07G91KYF1
5695,B07G91N8K3
5696,B07G95FFN3
5697,B07G95RKG6
5698,B07G98G3BV
5699,B07G9JNMDS
5700,B07G9L2Q4W
5701,B07G9RQWC5
5702,B07G9YJ8GD
5703,B07GB1JP1N
5704,B07GB3SGSF
5705,B07GB3SVRD
5706,B07GB7RH9Q
5707,B07GB7VW7B
5708,B07GBG1FCK
5709,B07GBLZFCF
5710,B07GBNN79K
5711,B07GBRV8W5
5712,B07GC6PWLN
5713,B07GCQJXXR
5714,B07GDK79RQ
5715,B07GDXCJLM
5716,B07GF4WYGT
5717,B07GG38KD1
5718,B07GH4D688
5719,B07GH6GTH4
5720,B07GH8WGCC
5721,B07GHY6CT1
5722,B07GJT5ZHC
5723,B07GJYC25H
5724,B07GK3LQVC
5725,B07GK7XKJK
5726,B07GKBHZHH
5727,B07GKH4SLV
5728,B07GKJ4DDN
5729,B07GKT53H5
5730,B07GL7C1DV
5731,B07GLKYD2B
5732,B07GLVFTTC
5733,B07GLXY253
5734,B07GLXZMR2
5735,B07GN9B3BV
5736,B07GNRGDKP
5737,B07GPGVYGX
5738,B07GPJP8ZC
5739,B07GQFZY9R
5740,B07GQHG3RC
5741,B07GR78DKQ
5742,B07GR9548T
5743,B07GRHZM5K
5744,B07GRJMQ63
5745,B07GRLH7Y8
5746,B07GS5YY89
5747,B07GT1MKNR
5748,B07GT2G5B3
5749,B07GTGHQHB
5750,B07GTHXKF3
5751,B07GTJ32GP
5752,B07GTK8QV9
5753,B07GV5D9T8
5754,B07GVS4RW2
5755,B07GVWH35S
5756,B07GW7X5MK
5757,B07GW9TJ3G
5758,B07GWGTJRQ
5759,B07GX37QR7
5760,B07GX7N5GP
5761,B07GXCFNKJ
5762,B07GXDLJP9
5763,B07GXMN7BJ
5764,B07GY1G8SY
5765,B07GY6B4V2
5766,B07GYBKKRW
5767,B07GYRQVJF
5768,B07GYY6VTD
5769,B07GZBMZP8
5770,B07GZFM1ZM
5771,B07GZJRP9J
5772,B07GZRPNS6
5773,B07GZTQ277
5774,B07H18T6YD
5775,B07H1DHJBV
5776,B07H277BM2
5777,B07H2KDWMB
5778,B07H2V5YLH
5779,B07H2YFJGW
5780,B07H36MNN1
5781,B07H3F4WQR
5782,B07H3FXSNL
5783,B07H3MHQ5W
5784,B07H3MKSYC
5785,B07H3NGGHD
5786,B07H3Q8DTR
5787,B07H3S3V26
5788,B07H3W1FD8
5789,B07H3W2LGN
5790,B07H43FQQT
5791,B07H49XJH7
5792,B07H4CFZ9H
5793,B07H4CJ2TS
5794,B07H4HXW14
5795,B07H51N3G3
5796,B07H5CCZ38
5797,B07H5CFC2T
5798,B07H5RNMP5
5799,B07H5S7X4X
5800,B07H5ZDR6N
5801,B07H618BCL
5802,B07H633X64
5803,B07H65KP63
5804,B07H6DRP7F
5805,B07H6GSFYC
5806,B07H6NPRBX
5807,B07H7DRWJN
5808,B07H7G9KXX
5809,B07H7H56QF
5810,B07H7SY3DV
5811,B07H85VVXD
5812,B07H8CR5FD
5813,B07H8L85FG
5814,B07H8TB2SY
5815,B07H8WJCTF
5816,B07H8WS1FT
5817,B07H8WTFHW
5818,B07H9CCHZD
5819,B07H9G93WK
5820,B07H9H6VQT
5821,B07H9LHX7M
5822,B07H9QWT95
5823,B07H9V5JPN
5824,B07H9YX94V
5825,B07HB7H2Y9
5826,B07HB9Y8S7
5827,B07HBD71HL
5828,B07HBHVWS5
5829,B07HBJ58VG
5830,B07HBMPCZG
5831,B07HC1LSL6
5832,B07HCFCQ65
5833,B07HCVLMY9
5834,B07HCX1NY9
5835,B07HCZLML5
5836,B07HD2W8XL
5837,B07HDBZN7Q
5838,B07HF3X6Y4
5839,B07HFPJZQN
5840,B07HFQJKYV
5841,B07HFRKQRL
5842,B07HFRQ8RM
5843,B07HFW91SG
5844,B07HG2DVSK
5845,B07HG5NTPM
5846,B07HG8Z9SK
5847,B07HG9CVJZ
5848,B07HGHHG2Q
5849,B07HGP8PGM
5850,B07HGV83CL
5851,B07HGW7B1D
5852,B07HH6X34D
5853,B07HHJHXZJ
5854,B07HHQBYMM
5855,B07HHQNYL8
5856,B07HHS78P1
5857,B07HHSF73M
5858,B07HJ115BJ
5859,B07HJ1GBQS
5860,B07HJHLS88
5861,B07HJTK5QS
5862,B07HJX9YV1
5863,B07HKFG85D
5864,B07HL4PSH4
5865,B07HL5J1NF
5866,B07HL5SDPQ
5867,B07HL6QZ72
5868,B07HMC5BY2
5869,B07HMLRWXH
5870,B07HMLTCPL
5871,B07HMQZ2RB
5872,B07HN1JYZM
5873,B07HNWFY77
5874,B07HNYPM4B
5875,B07HP2JL92
5876,B07HPBPHVH
5877,B07HQ1M4SM
5878,B07HQ9GCMY
5879,B07HQJYJJG
5880,B07HR76JDS
5881,B07HR89KT1
5882,B07HRCJ7ZT
5883,B07HRFLB6Y
5884,B07HRHSVZ6
5885,B07HRN9J19
5886,B07HRR4HJZ
5887,B07HRYZFN3
5888,B07HRZPYP2
5889,B07HSJYKVL
5890,B07HT12PD5
5891,B07HT23NX7
5892,B07HTBD118
5893,B07HV6916S
5894,B07HYK77H3
5895,B07HYN4FX7
5896,B07HYP11PD
5897,B07HYRB4P2
5898,B07HYYC86G
5899,B07HZLHPKP
5900,B07HZXWRSY
5901,B07J1Y8JKP
5902,B07J21Y82K
5903,B07J224T84
5904,B07J27LFB5
5905,B07J2BN6ST
5906,B07J2FGZSM
5907,B07J2LGMXS
5908,B07J2Z9ZNG
5909,B07J322M3D
5910,B07J3FFZF3
5911,B07J45XS7K
5912,B07J519TVN
5913,B07J51NWVK
5914,B07J58NB9J
5915,B07J5TWQYD
5916,B07J6FWK57
5917,B07J9HQQKK
5918,B07JB6CHXT
5919,B07JDHW4RZ
5920,B07JDT1MKB
5921,B07JF156L4
5922,B07JF47TTM
5923,B07JFR9RSD
5924,B07JFVYGWM
5925,B07JG1VFBX
5926,B07JG4PRV7
5927,B07JGH7LT6
5928,B07JGJ2YNC
5929,B07JGJ37FS
5930,B07JGT5HCW
5931,B07JGZZZWM
5932,B07JH59L7Y
5933,B07JH63XNY
5934,B07JHCP83K
5935,B07JHXK53M
5936,B07JHZH8ZP
5937,B07JHZXCQD
5938,B07JJ1L7NN
5939,B07JJXXR7Y
5940,B07JKBJ8R4
5941,B07JKHH3ZS
5942,B07JKRPB9Q
5943,B07JKWHGVZ
5944,B07JL18G1D
5945,B07JL5372G
5946,B07JLQXHTD
5947,B07JM4HY41
5948,B07JMD4PJJ
5949,B07JMFQTC5
5950,B07JMQP6T6
5951,B07JMS3K6N
5952,B07JN3N9YZ
5953,B07JN7TDV6
5954,B07JN7V3MT
5955,B07JNJBB9P
5956,B07JNJBJRZ
5957,B07JP5WV2B
5958,B07JPCWW76
5959,B07JPXRHSX
5960,B07JQ6F4SG
5961,B07JQHDNW2
5962,B07JQLDM3M
5963,B07JQWGPYJ
5964,B07JQXC7R5
5965,B07JR5Z472
5966,B07JRCSNX3
5967,B07JVGGN6H
5968,B07JVN1MSN
5969,B07JVR5JLF
5970,B07JVR8KBV
5971,B07JVR95W3
5972,B07JVTXTGV
5973,B07JW2YPS9
5974,B07JWF7VMJ
5975,B07JWX3Z3Z
5976,B07JY2HRM9
5977,B07JYBRD4X
5978,B07JYGBSJN
5979,B07JZ7YLKF
5980,B07JZCBYK6
5981,B07JZPMBF8
5982,B07JZT6YMB
5983,B07K1LLDG6
5984,B07K1SM7DT
5985,B07K1WWBJK
5986,B07K21HSQX
5987,B07K234ZPD
5988,B07K25P3N1
5989,B07K2VX92N
5990,B07K39FRSL
5991,B07K3CRX1P
5992,B07K41H42W
5993,B07K42G8RN
5994,B07K42LSYR
5995,B07K4QBMS6
5996,B07K4V27Q1
5997,B07K53QZTC
5998,B07K53R2D6
5999,B07K54L5YW
6000,B07K72MW7K
6001,B07K73R778
6002,B07K74GQQY
6003,B07K76QKL1
6004,B07K79P164
6005,B07K7TFMTX
6006,B07K7ZZJ21
6007,B07K88QCMH
6008,B07K8P8VL4
6009,B07K8T7YHT
6010,B07K8XPS7J
6011,B07K95WFWM
6012,B07KB393VP
6013,B07KBJP3TV
6014,B07KCT9LB5
6015,B07KCXP8M4
6016,B07KCYN4R9
6017,B07KD63NJC
6018,B07KDDKDNN
6019,B07KDW7WXS
6020,B07KFCGMPD
6021,B07KFQFDNB
6022,B07KG29VRB
6023,B07KGTPF7S
6024,B07KGVB6D6
6025,B07KJSX8VG
6026,B07KKMWWXB
6027,B07KKW4XT4
6028,B07KKZX2KR
6029,B07KL17RKP
6030,B07KL1XD3T
6031,B07KLKJQ6Z
6032,B07KLSL7NG
6033,B07KMDPV22
6034,B07KML2PPQ
6035,B07KML89F3
6036,B07KMXMPHZ
6037,B07KNJQ3W8
6038,B07KP12WTK
6039,B07KPLTMYB
6040,B07KPN27YV
6041,B07KPZZTGS
6042,B07KQ29XHN
6043,B07KQ2TLXF
6044,B07KQ3PNJC
6045,B07KQSTPYJ
6046,B07KQWX947
6047,B07KRD7ZJL
6048,B07KRV13HR
6049,B07KRYJ29M
6050,B07KSBK92C
6051,B07KSC2HLW
6052,B07KSJ5LGJ
6053,B07KSPDR2K
6054,B07KSQLKJ6
6055,B07KTNF831
6056,B07KTYJ769
6057,B07KVSNHNH
6058,B07KWMJL9B
6059,B07KXBX65F
6060,B07KXK7RMN
6061,B07KXNYX1L
6062,B07KXPCGPQ
6063,B07KXQ97NV
6064,B07KXR1FJW
6065,B07KXR3HFF
6066,B07KXWX1VY
6067,B07KY3VCQK
6068,B07KZ94T67
6069,B07KZBLL3Z
6070,B07KZVQTC5
6071,B07L12DCTG
6072,B07L1CRPTS
6073,B07L1MWB74
6074,B07L1QMDKF
6075,B07L2WM836
6076,B07L2YB8NW
6077,B07L3LB44F
6078,B07L3N478S
6079,B07L3T1FNM
6080,B07L42R8JR
6081,B07L4B5DCT
6082,B07L4HZVC7
6083,B07L4RL1HP
6084,B07L5G1QCD
6085,B07L5JPTFR
6086,B07L5RQZXL
6087,B07L5YHD5N
6088,B07L6KFGND
6089,B07L6NBVSV
6090,B07L6YG6TH
6091,B07L797GZV
6092,B07L7G7TT8
6093,B07L7RQQXP
6094,B07L832XK2
6095,B07L86H4HG
6096,B07L8BL2Z7
6097,B07L8R59LS
6098,B07L8SJM3T
6099,B07L8YPYQK
6100,B07L927X9X
6101,B07L92L2WW
6102,B07L9BDY3T
6103,B07L9CC6XR
6104,B07L9PWH9K
6105,B07L9XZCPW
6106,B07LB3CHKM
6107,B07LB4X26D
6108,B07LB79WS9
6109,B07LB9867B
6110,B07LBC35ZR
6111,B07LBCWZ2N
6112,B07LBRZ5TH
6113,B07LCKQ2VG
6114,B07LCQ1PRH
6115,B07LCV3VR3
6116,B07LCVR5BW
6117,B07LD9TTZY
6118,B07LFG2L3R
6119,B07LFM1TH7
6120,B07LG54ND7
6121,B07LG5M18Y
6122,B07LG5WBTS
6123,B07LGCLF28
6124,B07LGPSSRJ
6125,B07LHHZRG4
6126,B07M5C3S65
6127,B07M7B7TZP
6128,B07M7FGLJN
6129,B07M7FTXM2
6130,B07M7JJMHC
6131,B07M7SK1T1
6132,B07M87MHHD
6133,B07M8P2ZHC
6134,B07M9YR373
6135,B07M9ZJK34
6136,B07MB13QKN
6137,B07MB1DFVL
6138,B07MB92NP5
6139,B07MBPYJPC
6140,B07MBT79Z9
6141,B07MC2ZSNY
6142,B07MC85RPH
6143,B07MCY8BB1
6144,B07MCYSWN5
6145,B07MD98QZS
6146,B07MD9VHZR
6147,B07MDB9WZM
6148,B07MDMMT5J
6149,B07MFPMZ91
6150,B07MFZMQHP
6151,B07MG94T5M
6152,B07MGHRRKW
6153,B07MGZC3X6
6154,B07MGZG772
6155,B07MHJSXJY
6156,B07MHMM4J2
6157,B07MHTRWLR
6158,B07MHYP2SY
6159,B07MJHQ8YK
6160,B07MJJG7P2
6161,B07MJPGPQP
6162,B07MJWW5QB
6163,B07MK29X3Z
6164,B07MK5JJNK
6165,B07MKCG5ZG
6166,B07MKHMGGP
6167,B07MKSGZM6
6168,B07MLP2X79
6169,B07MLXRH3W
6170,B07MLY3JKV
6171,B07MLYD3ZK
6172,B07MM97MML
6173,B07MMQFT84
6174,B07MN67BCR
6175,B07MNBT7YR
6176,B07MNFH1PX
6177,B07MPRPV8X
6178,B07MQ6VPG7
6179,B07MQFBPCZ
6180,B07MSK59X6
6181,B07MTFNZ7D
6182,B07MTFR1HN
6183,B07MV524KS
6184,B07MWJY8L4
6185,B07MWSNFZ4
6186,B07MZRN69Y
6187,B07MZSM8BP
6188,B07MZSNWKV
6189,B07MZVR9N6
6190,B07N1F94DD
6191,B07N1HDWG6
6192,B07N1L5HX1
6193,B07N1LRMH9
6194,B07N1RYQ5Y
6195,B07N2V7ZMD
6196,B07N2ZHFY9
6197,B07N2ZYKSL
6198,B07N3C8GVF
6199,B07N3GM473
6200,B07N3PQM5N
6201,B07N4KXDHZ
6202,B07N4LDGYR
6203,B07N4NDCWM
6204,B07N53LMXJ
6205,B07N5ZPYFK
6206,B07N682SWY
6207,B07N6PXQNS
6208,B07N6V5VKF
6209,B07N6XWYYW
6210,B07N7JFNY2
6211,B07N7X4VNV
6212,B07N843D52
6213,B07N86MCD2
6214,B07N8P7NMF
6215,B07N8VFFNS
6216,B07N955K68
6217,B07N975RZ2
6218,B07N9FD8KH
6219,B07N9FRCLR
6220,B07N9KKL23
6221,B07NC689P3
6222,B07NCRR12R
6223,B07ND9YNWC
6224,B07NDBSX9M
6225,B07NDJ3XT7
6226,B07NDVH32D
6227,B07NFQ7523
6228,B07NFS79CC
6229,B07NGFQYNC
6230,B07NGRTX9C
6231,B07NGXCXQQ
6232,B07NGY6PWS
6233,B07NGYKFGT
6234,B07NH1V7CG
6235,B07NHFF9TK
6236,B07NJQ89CD
6237,B07NJQPHQ1
6238,B07NK2NW84
6239,B07NK7K1X6
6240,B07NL2S9QW
6241,B07NLNJQ25
6242,B07NLWT9Z7
6243,B07NNRTTCM
6244,B07NPD5T5H
6245,B07NPK4PY4
6246,B07NPKR23M
6247,B07NQ2SKFX
6248,B07NQ3PLBN
6249,B07NQ8CTFT
6250,B07NQD1QV3
6251,B07NQDWYLV
6252,B07NQK9KSN
6253,B07NR9NF42
6254,B07NRBL8CM
6255,B07NRYP28Q
6256,B07NRYS4XP
6257,B07NSFT3MB
6258,B07NSHF7BB
6259,B07NSJHNZL
6260,B07NSQYB51
6261,B07NTRT44T
6262,B07NTVBTSM
6263,B07NTVKJQ5
6264,B07NVP277Y
6265,B07NVYW63S
6266,B07NW6L27K
6267,B07NW72QY9
6268,B07NW9JRRR
6269,B07NWC3L95
6270,B07NX4R8HK
6271,B07NXJ5HRX
6272,B07NXJN1QW
6273,B07NY1TQRY
6274,B07NZ26NT4
6275,B07NZMXD5H
6276,B07P16JC5W
6277,B07P1FN7KQ
6278,B07P1NDLW8
6279,B07P225FLR
6280,B07P24F6V7
6281,B07P2BHLQF
6282,B07P34RQ1F
6283,B07P374FF3
6284,B07P3BYYBG
6285,B07P3FGKYD
6286,B07P54F2JH
6287,B07P56YJYX
6288,B07P57RVPQ
6289,B07P5JMW4F
6290,B07P5JV6HT
6291,B07P6MW48Y
6292,B07P7TPFWV
6293,B07P83SJK2
6294,B07P85CDHG
6295,B07P8QMBWN
6296,B07P8QVMV7
6297,B07P8QWF7F
6298,B07P8SF9RC
6299,B07P8WTLQD
6300,B07P999H4J
6301,B07P9FTDB3
6302,B07P9S6R9Y
6303,B07P9S8T8X
6304,B07P9V8GSH
6305,B07PBDHCC2
6306,B07PC7JKSB
6307,B07PCMBLBW
6308,B07PCMJDQM
6309,B07PCZV64H
6310,B07PDHSLM6
6311,B07PDJ49H4
6312,B07PFMJ3XG
6313,B07PFW3R3Z
6314,B07PFY4QQQ
6315,B07PG49GTV
6316,B07PGL2N7J
6317,B07PH45YFT
6318,B07PHB491R
6319,B07PHFHMLN
6320,B07PHQ93TV
6321,B07PJ7XZ7X
6322,B07PJ7YH34
6323,B07PJFVYJC
6324,B07PJN9HDV
6325,B07PJVHS3J
6326,B07PJYQ38S
6327,B07PKRTZLR
6328,B07PL1YM6T
6329,B07PLFJ7C1
6330,B07PLJ69P2
6331,B07PLK3JCM
6332,B07PMFD12W
6333,B07PMLK5SJ
6334,B07PN7F6B8
6335,B07PN7H31V
6336,B07PNS2XVQ
6337,B07PNT2GDR
6338,B07PPDLFXY
6339,B07PPPT1NG
6340,B07PPTTYM5
6341,B07PPX1B26
6342,B07PPXN34L
6343,B07PQ953Y3
6344,B07PQMJ2VW
6345,B07PQTHXW9
6346,B07PR21291
6347,B07PSFKM47
6348,B07PSK9PX5
6349,B07PT4HV4R
6350,B07PTN5XYY
6351,B07PTVBKHM
6352,B07PTW1DWS
6353,B07PTYNGCV
6354,B07PV958PN
6355,B07PVCNFCF
6356,B07PW2QDF8
6357,B07PWCN4LC
6358,B07PWDF1DM
6359,B07PXD2DRZ
6360,B07PXGQC1Q
6361,B07PXMPCZN
6362,B07PXRBCTQ
6363,B07PY5DN8P
6364,B07PYDDP5Q
6365,B07PYHVH31
6366,B07PYLT6DN
6367,B07PYVG12M
6368,B07PYZ4VG5
6369,B07PZ124JT
6370,B07PZ91ZG6
6371,B07PZCS26T
6372,B07PZF4M5W
6373,B07PZFC633
6374,B07PZHP2LL
6375,B07PZWZ8YH
6376,B07Q1CVZ9P
6377,B07Q1JRT7X
6378,B07Q1JVCTS
6379,B07Q1NYPQB
6380,B07Q2GY97C
6381,B07Q2HB7TY
6382,B07Q2JNZB3
6383,B07Q2RCWRP
6384,B07Q2WQWT7
6385,B07Q396ZP7
6386,B07Q398CY9
6387,B07Q3DLCJ4
6388,B07Q41T12K
6389,B07Q44XSYX
6390,B07Q4MZJKJ
6391,B07Q563R9Q
6392,B07Q585X37
6393,B07Q5C98LP
6394,B07Q5CPHX2
6395,B07Q5SCFQ4
6396,B07Q6W5RKB
6397,B07Q6ZRWM2
6398,B07Q76FTVS
6399,B07Q7M4DDJ
6400,B07Q81K8C5
6401,B07Q849R2Y
6402,B07Q8C334W
6403,B07Q9F2FMR
6404,B07Q9WV7N2
6405,B07QB44YWL
6406,B07QBDB2HB
6407,B07QBHHRPM
6408,B07QBQHB5B
6409,B07QBT4SNY
6410,B07QBWPRY6
6411,B07QC4X29H
6412,B07QCD328N
6413,B07QCRCP2R
6414,B07QD1M6L1
6415,B07QD2DF7S
6416,B07QD2JPQ9
6417,B07QD2LFLX
6418,B07QD7MHN9
6419,B07QDBJL2F
6420,B07QDMS4ST
6421,B07QDNWC7X
6422,B07QDP8GYB
6423,B07QDPCVBD
6424,B07QF4YYP7
6425,B07QF68YTM
6426,B07QG9S4RL
6427,B07QGH4VLM
6428,B07QGPS354
6429,B07QGZ1T1P
6430,B07QH5HD3R
6431,B07QHFM94X
6432,B07QJ9QBXZ
6433,B07QJF564V
6434,B07QJGYCQ2
6435,B07QJM6FNJ
6436,B07QJQHM3J
6437,B07QJXNRH6
6438,B07QJY6MKD
6439,B07QJZ63SL
6440,B07QKPCWN5
6441,B07QKQJL17
6442,B07QKWQ231
6443,B07QL9P493
6444,B07QLQGQ13
6445,B07QM2XY9R
6446,B07QM58FDY
6447,B07QMM5TLY
6448,B07QMN8T54
6449,B07QMNYF89
6450,B07QMP1DPX
6451,B07QN33986
6452,B07QNM7YGF
6453,B07QNM91NQ
6454,B07QP59L2M
6455,B07QPCQ1JZ
6456,B07QTVKSNQ
6457,B07QTX5PJK
6458,B07QV4XGCK
6459,B07QVX32MN
6460,B07QW3MNXQ
6461,B07QW9KWTB
6462,B07QWPVZJY
6463,B07QX2ZFG2
6464,B07QXB6V4Q
6465,B07QXM9BBZ
6466,B07QY4WLQT
6467,B07QYL62CZ
6468,B07QYQYMPN
6469,B07QZVNG2T
6470,B07QZY4P65
6471,B07R1KHSR4
6472,B07R2B7TS6
6473,B07R2N71B8
6474,B07R4KRFG3
6475,B07R4MVVK9
6476,B07R4Z2J3L
6477,B07R5467KM
6478,B07R54S241
6479,B07R5CCXFZ
6480,B07R5HM156
6481,B07R5PVGB5
6482,B07R5QJ6YS
6483,B07R5VHKKZ
6484,B07R5WVZT8
6485,B07R6CY3X3
6486,B07R6V5CGG
6487,B07R73RNK8
6488,B07R73WZ9Y
6489,B07R74DWW1
6490,B07R7BFJ4B
6491,B07R7L8NV6
6492,B07R8JNR83
6493,B07R8L532P
6494,B07R8WVY4F
6495,B07R99F44F
6496,B07R9H5TQS
6497,B07R9NNQ7V
6498,B07R9QJS9L
6499,B07RB6ZGSP
6500,B07RBDRHMK
6501,B07RC8F2L3
6502,B07RCHBHVF
6503,B07RCMTLHD
6504,B07RCX3Z9N
6505,B07RD1D7T3
6506,B07RD62X4M
6507,B07RDN7HKK
6508,B07RF2123Z
6509,B07RF4SZ2J
6510,B07RF6L6G4
6511,B07RF9C7LN
6512,B07RFNGTF3
6513,B07RFQXTV8
6514,B07RFTRFPZ
6515,B07RFZD8PL
6516,B07RG38G9H
6517,B07RG81VVM
6518,B07RGDFZ5Q
6519,B07RGDG3HJ
6520,B07RGN3M6K
6521,B07RGP5HDB
6522,B07RGP71QW
6523,B07RGX2J8M
6524,B07RH9G7Y7
6525,B07RHQ481S
6526,B07RHQDS32
6527,B07RHW3MF5
6528,B07RHWD55R
6529,B07RJ1GQZG
6530,B07RJ6QZ21
6531,B07RJ9DF7M
6532,B07RJDB93N
6533,B07RJZPTLX
6534,B07RK4KG5R
6535,B07RKNJL4Y
6536,B07RKW7Y9R
6537,B07RL8Y5W4
6538,B07RLPM2FR
6539,B07RLWDZBZ
6540,B07RLZ1KDY
6541,B07RLZP5XX
6542,B07RM4NHV6
6543,B07RMB1QMW
6544,B07RN2WQDK
6545,B07RN5QRFK
6546,B07RPZBSFG
6547,B07RQ6KRQT
6548,B07RQC7D1P
6549,B07RQMZXBD
6550,B07RR5WZCR
6551,B07RRDQ79X
6552,B07RRN9GZY
6553,B07RRR68H6
6554,B07RRWZC2S
6555,B07RS68PJ7
6556,B07RSGSX1J
6557,B07RSH3N8Q
6558,B07RT6RRSM
6559,B07RTCXJPZ
6560,B07RTM5P17
6561,B07RTYWVB7
6562,B07RVHKY76
6563,B07RVM9276
6564,B07RVMYTM8
6565,B07RW7YGDJ
6566,B07RWDZ3HG
6567,B07RWPFQLM
6568,B07RWQTKJQ
6569,B07RXNZRCZ
6570,B07RXTRJ5B
6571,B07RY3PMX8
6572,B07RY5NJCR
6573,B07RY7Y9PR
6574,B07RYN4DSZ
6575,B07RZ1M7QM
6576,B07RZ2B1GW
6577,B07RZPB86Z
6578,B07RZSN2Q4
6579,B07S1582YY
6580,B07S1PWTKR
6581,B07S247YBJ
6582,B07S2B4TB6
6583,B07S2RXPNP
6584,B07S395RWD
6585,B07S3WHL7P
6586,B07S4KJV6W
6587,B07S4MFN8Z
6588,B07S4N7K19
6589,B07S58ZSJF
6590,B07S5DRV1M
6591,B07S5LZ1SQ
6592,B07S5NDN8T
6593,B07S5WX7B2
6594,B07S63JV4B
6595,B07S64MXGD
6596,B07S6RVCMG
6597,B07S6VHC18
6598,B07S6X2D8C
6599,B07S6X6RLG
6600,B07S6XXRBN
6601,B07S74VD17
6602,B07S764D9V
6603,B07S7QMTGM
6604,B07S84M2B1
6605,B07S8F43Y6
6606,B07S8PVSDS
6607,B07S96NRMC
6608,B07S97RBSF
6609,B07S98411P
6610,B07S9H9K9V
6611,B07S9THRC5
6612,B07SB19BTC
6613,B07SB1Y4FG
6614,B07SB1YZ9Q
6615,B07SBT1FSK
6616,B07SC4TJBS
6617,B07SCQ38NC
6618,B07SD7LJGY
6619,B07SDGZ2NJ
6620,B07SDH2Z56
6621,B07SFHPGLF
6622,B07SFRZGWJ
6623,B07SFY91YW
6624,B07SGPHFP5
6625,B07SGPJBZ6
6626,B07SGW3YZG
6627,B07SH2GSVP
6628,B07SHFPD8S
6629,B07SHRNY1F
6630,B07SHRPC93
6631,B07SJSGFJR
6632,B07SKLJBJ4
6633,B07SLFGT81
6634,B07SLYTJV4
6635,B07SM15D5B
6636,B07SMB7Q56
6637,B07SMBRGJH
6638,B07SMNZK8H
6639,B07SN5SJ2Q
6640,B07SNGLXH2
6641,B07SNGVLCX
6642,B07SPZLWSP
6643,B07SQYX2FH
6644,B07SR5WD84
6645,B07SRB2Y7J
6646,B07SRD41CL
6647,B07SSW2CSC
6648,B07STGWW98
6649,B07STTXY55
6650,B07STXCNXW
6651,B07STXN1K1
6652,B07STXS51D
6653,B07SV57Z84
6654,B07SW4K2LF
6655,B07SWC2GLC
6656,B07SWPCZ6Q
6657,B07SY44SK9
6658,B07SYPYH5M
6659,B07SYW3XL1
6660,B07SYY1BBJ
6661,B07SZ4L9YH
6662,B07SZCX4R2
6663,B07SZCZH1P
6664,B07SZGSKCB
6665,B07T14YQZP
6666,B07T1N42KY
6667,B07T1NVL8P
6668,B07T1NVLCV
6669,B07T1P9MBL
6670,B07T2451BH
6671,B07T26Z9FD
6672,B07T2FNP5N
6673,B07T2N81JJ
6674,B07T2PJY39
6675,B07T2WGJ77
6676,B07T2XN4XP
6677,B07T32P7BQ
6678,B07T3K83DZ
6679,B07T4J6QQW
6680,B07T4LQ8ZX
6681,B07T575145
6682,B07T57SPK4
6683,B07T5X6L6X
6684,B07T5Y6XGG
6685,B07T64VJQT
6686,B07T69S7JD
6687,B07T6VQ4SN
6688,B07T7L4QQ3
6689,B07T7QMC16
6690,B07T7QZNH7
6691,B07T7WRRD9
6692,B07T81GZFK
6693,B07T85W8P7
6694,B07T85ZMRB
6695,B07T8BSMXD
6696,B07T8JQRN4
6697,B07T92QZTD
6698,B07T94HKTR
6699,B07T97PWBH
6700,B07T99Q9PC
6701,B07T9BB39T
6702,B07T9H4BT3
6703,B07T9HHTL7
6704,B07T9KT3K3
6705,B07TB6TD5V
6706,B07TBPLZVV
6707,B07TC66C3B
6708,B07TC73MYF
6709,B07TCR1PD6
6710,B07TD9BPSQ
6711,B07TDVJCBW
6712,B07TF38PXT
6713,B07TFJYB9Q
6714,B07TFMH8LH
6715,B07TFRHK2H
6716,B07TGDVYSN
6717,B07TGSKCBH
6718,B07THJGZ9Z
6719,B07THL87GR
6720,B07TJLM1YM
6721,B07TK6MPNB
6722,B07TKF3XZG
6723,B07TKNPPQS
6724,B07TLNSGL2
6725,B07TLYDNT7
6726,B07TMJ8S5Z
6727,B07TMR1GDM
6728,B07TMRFS6V
6729,B07TN34PCN
6730,B07TQ9NF7B
6731,B07TQN1VNF
6732,B07TRNP5V7
6733,B07TRQ9JSH
6734,B07TRZNXVF
6735,B07TS5SKW5
6736,B07TS8SDFR
6737,B07TSQWS3F
6738,B07TV8QY93
6739,B07TW5Q1KF
6740,B07TX1M942
6741,B07TXBT7H7
6742,B07TXRRNY1
6743,B07TYPS1RY
6744,B07TZKMGNB
6745,B07TZP1SD3
6746,B07V214727
6747,B07V25XVGG
6748,B07V263L4S
6749,B07V2B422Q
6750,B07V2B8SWT
6751,B07V2DMFM6
6752,B07V2PS7M6
6753,B07V34NFHP
6754,B07V3FWFQG
6755,B07V3H95YC
6756,B07V3NBQ4N
6757,B07V48GCZ7
6758,B07V5DDC7R
6759,B07V5JT126
6760,B07V5K3WYF
6761,B07V5QLN5N
6762,B07V5X9BQV
6763,B07V696CHC
6764,B07V6HH4PQ
6765,B07V6TWF3F
6766,B07V6WY87D
6767,B07V72HV66
6768,B07V7Q8BB1
6769,B07V8N244D
6770,B07VB4NTK8
6771,B07VB8FRM9
6772,B07VBPJNLZ
6773,B07VC7375R
6774,B07VD45ZLW
6775,B07VDMH5YD
6776,B07VDPY2RL
6777,B07VF43BG1
6778,B07VFBX16H
6779,B07VG9MS5X
6780,B07VG9ZZMV
6781,B07VHBC8VP
6782,B07VHQW6F3
6783,B07VJMB77T
6784,B07VJNHZS3
6785,B07VJQ5VBV
6786,B07VKL8F3G
6787,B07VKPXF2F
6788,B07VL5QR5G
6789,B07VL7S6CM
6790,B07VLP4KJN
6791,B07VLPH3X1
6792,B07VMH6K64
6793,B07VMTS4Z8
6794,B07VNB78GX
6795,B07VNBK5Y2
6796,B07VNBK5YK
6797,B07VNNJ7NK
6798,B07VP57CHN
6799,B07VP7K416
6800,B07VPF1TLG
6801,B07VPLP56D
6802,B07VPXBBCM
6803,B07VPZRQM9
6804,B07VQ8GS26
6805,B07VQ9DR4N
6806,B07VQJWP4X
6807,B07VS4HZY3
6808,B07VSNSTS6
6809,B07VSVNLB6
6810,B07VT1HLH2
6811,B07VT2Z1T4
6812,B07VTK654B
6813,B07VV9HSGL
6814,B07VVX4TZS
6815,B07VW3K8X7
6816,B07VWSLV2Q
6817,B07VXCFZN1
6818,B07VXXBTX4
6819,B07VYFTK8R
6820,B07VYVQL45
6821,B07VYZ2KM1
6822,B07VYZV3KL
6823,B07VZ2W7L4
6824,B07VZKFYRR
6825,B07VZKG7JH
6826,B07VZRXJJ1
6827,B07VZSNLHB
6828,B07VZZFWRM
6829,B07VZZJV56
6830,B07VZZNCNW
6831,B07W22QBH8
6832,B07W36NHV8
6833,B07W36WN5X
6834,B07W3GG3Z1
6835,B07W43X45N
6836,B07W49TV8M
6837,B07W4GJGCM
6838,B07W4KSZTP
6839,B07W4MGFS6
6840,B07W4XJRGN
6841,B07W4XK7J2
6842,B07W4XYTPY
6843,B07W55DDFB
6844,B07W5KKJK2
6845,B07W5WFNY3
6846,B07W5XCXL8
6847,B07W5YTF1F
6848,B07W6R61W9
6849,B07W6XB3JB
6850,B07W735BS5
6851,B07W735HML
6852,B07W8J2K8B
6853,B07W8RMTSH
6854,B07W8TPHCV
6855,B07W8Z23K8
6856,B07WBYL3NL
6857,B07WC2FQ65
6858,B07WC9T7M7
6859,B07WCQMVF8
6860,B07WCQN1RW
6861,B07WD5QGYP
6862,B07WD75HCD
6863,B07WDRJC4K
6864,B07WDRL3VR
6865,B07WDZ334R
6866,B07WFJ15ZH
6867,B07WFQHWC6
6868,B07WFWN95N
6869,B07WG4D2LJ
6870,B07WGJ4S1S
6871,B07WGPTZHR
6872,B07WGWMD54
6873,B07WHMBQ98
6874,B07WHV757Q
6875,B07WHVG1LX
6876,B07WJ754BL
6877,B07WJHTDLX
6878,B07WJJHXXZ
6879,B07WJRDLS2
6880,B07WJZ9PNX
6881,B07WK4FMKJ
6882,B07WKBS8RS
6883,B07WKC2N6D
6884,B07WL653WX
6885,B07WLGRTMT
6886,B07WLR855R
6887,B07WLT77K8
6888,B07WMB4XS4
6889,B07WML1Y8D
6890,B07WML2XTD
6891,B07WMPG4CB
6892,B07WMTMVNH
6893,B07WMZFSFW
6894,B07WNJQFP9
6895,B07WNSMKLQ
6896,B07WNYRQPT
6897,B07WP1RD5J
6898,B07WPVY45D
6899,B07WQ5CQGZ
6900,B07WQ6V1G3
6901,B07WQKKS8V
6902,B07WRF6QBS
6903,B07WRSHHW5
6904,B07WRT68RQ
6905,B07WSK3R8J
6906,B07WSKF1LJ
6907,B07WSRLD95
6908,B07WSTG7HT
6909,B07WT4TQVW
6910,B07WT5Y7WP
6911,B07WTRZNDL
6912,B07WVF9SL5
6913,B07WVFXSFW
6914,B07WVNW73L
6915,B07WVPFFD1
6916,B07WVWL7FM
6917,B07WW1XR59
6918,B07WWCHZ3G
6919,B07WWGYJ8M
6920,B07WWQ7JBS
6921,B07WWZSG7W
6922,B07WXDS31V
6923,B07WXK4MW4
6924,B07WXKPQJS
6925,B07WXZXWDV
6926,B07X1NTT1Q
6927,B07X1TMNS5
6928,B07X1WNSHW
6929,B07X23N387
6930,B07X2586Y5
6931,B07X2LZ9XX
6932,B07X2M17B2
6933,B07X31NKWH
6934,B07X3VLDWC
6935,B07X3XXQ19
6936,B07X3YGTMD
6937,B07X4D3BR6
6938,B07X4JBLQX
6939,B07X4TJ2Y5
6940,B07X4VPWDT
6941,B07X52K4DN
6942,B07X53H35H
6943,B07X5F81JS
6944,B07X5MCBMH
6945,B07X5MK8P9
6946,B07X5R8S97
6947,B07X5WNK6C
6948,B07X5Y63GW
6949,B07X5YZDR7
6950,B07X63QP93
6951,B07X64BPJC
6952,B07X66DPD3
6953,B07X7DTH5J
6954,B07X7H4T8W
6955,B07X7MY4ZP
6956,B07X8DJPQP
6957,B07X8YJ3DR
6958,B07X8ZLYLR
6959,B07X8ZRNX7
6960,B07X98V3RG
6961,B07X9PV3YL
6962,B07X9VG6ZJ
6963,B07XB29HBD
6964,B07XBNWBC1
6965,B07XBPHM6Q
6966,B07XBTZ9Z9
6967,B07XBX33N2
6968,B07XCX9KGC
6969,B07XCZ94ND
6970,B07XD4W9RW
6971,B07XD9468J
6972,B07XF95SN6
6973,B07XH4PJ8C
6974,B07XH51WDJ
6975,B07XH57CCM
6976,B07XH5GLNB
6977,B07XJ2K2W2
6978,B07XJ7JTXX
6979,B07XJB5PCX
6980,B07XJTZGGY
6981,B07XJZC2V5
6982,B07XJZD9M4
6983,B07XKZMXWT
6984,B07XLD8HN8
6985,B07XLTSJ9M
6986,B07XN57DB8
6987,B07XNV7QW4
6988,B07XPDGBHL
6989,B07XPQF1FJ
6990,B07XPRJS8C
6991,B07XPS4XQV
6992,B07XPVF1BP
6993,B07XPW9XY3
6994,B07XQ3RV6S
6995,B07XQF72ZC
6996,B07XQKK4HB
6997,B07XR9G5F6
6998,B07XRP9M3F
6999,B07XRTDBTK
7000,B07XRXZZQ6
7001,B07XSBFZ7L
7002,B07XSCDKR5
7003,B07XSCFSK9
7004,B07XSPCH9Z
7005,B07XVNJHKZ
7006,B07XVSN6L4
7007,B07XW17T26
7008,B07XW21382
7009,B07XW26343
7010,B07XXYKTGP
7011,B07XY2ZKYB
7012,B07XY3PBW1
7013,B07XYR81LP
7014,B07XZLW68F
7015,B07XZNSQ4J
7016,B07XZSG5FW
7017,B07XZTGBR8
7018,B07Y1GTF92
7019,B07Y2L7CYF
7020,B07Y2Q8WRL
7021,B07Y2RDQQL
7022,B07Y331SKZ
7023,B07Y3RFKTM
7024,B07Y3RWYCX
7025,B07Y3SBSQC
7026,B07Y414QXJ
7027,B07Y45YT75
7028,B07Y4822BG
7029,B07Y4RT82R
7030,B07Y545SQ9
7031,B07Y59K6NG
7032,B07Y5QRDCY
7033,B07Y5SR3BS
7034,B07Y5W32G8
7035,B07Y5XDV8J
7036,B07Y5YL9BD
7037,B07Y636B9X
7038,B07Y6NWDYM
7039,B07Y6SXZM6
7040,B07Y8YZYP8
7041,B07Y92SRV8
7042,B07Y92ZQ3D
7043,B07Y93NCPD
7044,B07Y98X47F
7045,B07Y9LJDMR
7046,B07YBHVRH9
7047,B07YBJFG2Y
7048,B07YBR6D25
7049,B07YBV5ZS6
7050,B07YBVVQSL
7051,B07YD1D3XJ
7052,B07YD299Q4
7053,B07YD3PXQP
7054,B07YD48WNN
7055,B07YD4SM67
7056,B07YFD249R
7057,B07YFD37SF
7058,B07YGL5S2G
7059,B07YGL8ZWV
7060,B07YGLQBT3
7061,B07YGLQBTR
7062,B07YGLWXWV
7063,B07YGM6DD5
7064,B07YGM6DJB
7065,B07YGM7MPN
7066,B07YGMLND6
7067,B07YGMWQMW
7068,B07YGMWQN7
7069,B07YGNN37G
7070,B07YGP1D37
7071,B07YGPMPZT
7072,B07YHP6DTY
7073,B07YJ4GB3Y
7074,B07YJMPY7V
7075,B07YL4N1BD
7076,B07YLMJZXB
7077,B07YMBMKRP
7078,B07YMCSWQ7
7079,B07YMSPXMP
7080,B07YN7QM22
7081,B07YNLDNYR
7082,B07YNN66CH
7083,B07YNR989X
7084,B07YP94PBJ
7085,B07YP9S5TC
7086,B07YQFC61B
7087,B07YQKYLXZ
7088,B07YQN9R32
7089,B07YQNGB2F
7090,B07YQNHW58
7091,B07YQY1TKZ
7092,B07YSPFX5F
7093,B07YSR6VBZ
7094,B07YSX4SKX
7095,B07YT1LN5Y
7096,B07YT9CL3G
7097,B07YVR2X4G
7098,B07YVWGLML
7099,B07YVXNLK2
7100,B07YVYRT2K
7101,B07YVYSJ66
7102,B07YY6PVBB
7103,B07YZ48HCT
7104,B07Z18JVPH
7105,B07Z34RCMN
7106,B07Z359LHL
7107,B07Z3LH4LC
7108,B07Z3ZF5NG
7109,B07Z548JK5
7110,B07Z5CDSGB
7111,B07Z5PPML9
7112,B07Z62T4KQ
7113,B07Z7MRNDZ
7114,B07Z8QR4W2
7115,B07Z9TNGBP
7116,B07Z9Y6SGZ
7117,B07Z9YQ9F4
7118,B07ZDQD8ZQ
7119,B07ZDRX791
7120,B07ZDT9JBX
7121,B07ZDX78WP
7122,B07ZDXHZ6J
7123,B07ZFKHTCV
7124,B07ZFKHTZB
7125,B07ZFLCPN7
7126,B07ZG4834H
7127,B07ZG5RHJX
7128,B07ZG6Y66D
7129,B07ZGBXHJV
7130,B07ZGC99QS
7131,B07ZGCGYGP
7132,B07ZGJ6T7B
7133,B07ZHXK89P
7134,B07ZKJK4QT
7135,B07ZKR5HTF
7136,B07ZKZV449
7137,B07ZLDDSPX
7138,B07ZLRBW51
7139,B07ZLYD714
7140,B07ZM33XMC
7141,B07ZMP5DKT
7142,B07ZNBZCW5
7143,B07ZPC9QD4
7144,B07ZQ47M6G
7145,B07ZQX8XHY
7146,B07ZQYYNBY
7147,B07ZR2TZDD
7148,B07ZR2VC9X
7149,B07ZR4D4PV
7150,B07ZR7VL4N
7151,B07ZRFD799
7152,B07ZSB944H
7153,B07ZSBKC5W
7154,B07ZSBXMVB
7155,B07ZSDND57
7156,B07ZT5Q1WM
7157,B07ZT8J6LJ
7158,B07ZTPFB23
7159,B07ZTSJCJK
7160,B07ZTSL3JP
7161,B07ZVGXYZ3
7162,B07ZXQH1PW
7163,B07ZZHCYY2
7164,B07ZZQG5DR
7165,B07ZZRMLHK
7166,B07ZZVX1F2
7167,B07ZZYV13Q
7168,B08128LL98
7169,B0812KTLK9
7170,B0812LWG25
7171,B0813GTJ65
7172,B08145LJPJ
7173,B08145LN1D
7174,B08149PQ71
7175,B0814JVRGQ
7176,B0815V2KJS
7177,B0816GVJVW
7178,B0816JQQS6
7179,B0816NW6X7
7180,B0816PMLG8
7181,B0817N1J26
7182,B08195CRXN
7183,B0819PCPBV
7184,B0819VKC3Y
7185,B0819W2H7V
7186,B0819WXQR3
7187,B0819YV6LJ
7188,B0819Z8GH6
7189,B081B11M7P
7190,B081B1FWFW
7191,B081B1R665
7192,B081BBPWZX
7193,B081BFLJ6L
7194,B081BHBHP5
7195,B081BMLXG3
7196,B081BMRM39
7197,B081BMW2J2
7198,B081BMYWGQ
7199,B081BN5W8T
7200,B081BN6QC5
7201,B081BW77XD
7202,B081C4XWXZ
7203,B081CCP77B
7204,B081CHPYP8
7205,B081CYJXTK
7206,B081D9XHPK
7207,B081DPHV4C
7208,B081F2Z5DB
7209,B081H1DXS3
7210,B081H5XXDR
7211,B081H69DVK
7212,B081HC253G
7213,B081JCY2H4
7214,B081JGZ554
7215,B081K9C3Q1
7216,B081KJBPYT
7217,B081KWMC6J
7218,B081KZRRYY
7219,B081MR1LSJ
7220,B081NJ89GP
7221,B081NJG6LF
7222,B081NR9N6Q
7223,B081PLK4BG
7224,B081PVXG7C
7225,B081Q751NG
7226,B081Q8JHJQ
7227,B081QKB94Q
7228,B081QWQ7RM
7229,B081QX69CM
7230,B081R1RVZ3
7231,B081R3VJYG
7232,B081R4BFZL
7233,B081R5VDG7
7234,B081RJQCJK
7235,B081SBMCJ5
7236,B081SLPBZV
7237,B081SN43G1
7238,B081TJNLH2
7239,B081TK1W3Z
7240,B081TTX1Y6
7241,B081TY397Z
7242,B081TYGXHW
7243,B081V1K7GR
7244,B081W67TTD
7245,B081W9JY8D
7246,B081ZL3XQ1
7247,B081ZV31RR
7248,B08215GKZG
7249,B08216KCTF
7250,B0821TVDP3
7251,B082318FDR
7252,B0823QC6X5
7253,B08247XN6K
7254,B08276V4B9
7255,B0827NVT67
7256,B0829BWDWC
7257,B0829FCS3F
7258,B082D4W9FV
7259,B082D7KW3J
7260,B082FD86PP
7261,B082FGH74P
7262,B082FWPP1D
7263,B082G2YJRH
7264,B082H3L68P
7265,B082HSLZMH
7266,B082K3JMD8
7267,B082KS5LCM
7268,B082LJ3G44
7269,B082LXJ5WT
7270,B082LYBLY8
7271,B082M4L6J6
7272,B082M94GY9
7273,B082NND7KJ
7274,B082P23BMP
7275,B082P3XMS5
7276,B082P4BDLN
7277,B082P5VWRH
7278,B082PNDDFF
7279,B082PZB69S
7280,B082Q44BW3
7281,B082QKSFN7
7282,B082R17ZJG
7283,B082R4WWT4
7284,B082SW81WD
7285,B082SYGCN7
7286,B082T78RKN
7287,B082T7HDGT
7288,B082T84YJQ
7289,B082TG6KLZ
7290,B082TGNBN8
7291,B082THN3DW
7292,B082THV3NL
7293,B082V1JX5P
7294,B082V1RJJC
7295,B082WPMKK3
7296,B082WXB95Q
7297,B082WZMBH2
7298,B082X6VLCB
7299,B082XHW3KS
7300,B082XNZV8M
7301,B082XW3RZP
7302,B082XW3S3V
7303,B082XWBS9R
7304,B082YB9888
7305,B082YNVNGT
7306,B0831D8HVT
7307,B0831SS27P
7308,B0832G3BBV
7309,B0835L59N2
7310,B0835LVNYJ
7311,B0835RBDYC
7312,B0836GHD61
7313,B0837LQP49
7314,B0838SMXFZ
7315,B08396QJRZ
7316,B0839BM6W3
7317,B0839XN9KZ
7318,B083BNSRZJ
7319,B083F5BH5G
7320,B083FBM9HF
7321,B083FKLKKM
7322,B083FMQKYF
7323,B083GKDS38
7324,B083GKJK26
7325,B083GM32SD
7326,B083JFTZMN
7327,B083JG3NKY
7328,B083JMXG3Z
7329,B083JWP8MB
7330,B083JY6NDY
7331,B083K52PZ4
7332,B083KJK8VQ
7333,B083KJV983
7334,B083KKC39G
7335,B083L23PKM
7336,B083L4239G
7337,B083LLM6QJ
7338,B083M5XKR3
7339,B083MMMKV5
7340,B083MNGLX4
7341,B083MNLZ6H
7342,B083MQJ4R4
7343,B083NS6WXG
7344,B083NYMDDH
7345,B083P16YXL
7346,B083PH3D3T
7347,B083PHKM2X
7348,B083PHSGT8
7349,B083PHYZGG
7350,B083PJ22KS
7351,B083PJ4QXN
7352,B083PJ61DD
7353,B083PV6DGH
7354,B083PW7Z5S
7355,B083PXJCV5
7356,B083PY4W7M
7357,B083Q7HH2T
7358,B083Q8WTVG
7359,B083QMB7DC
7360,B083R5QN26
7361,B083RKM25J
7362,B083SJ4514
7363,B083TH1B45
7364,B083VMMFZ1
7365,B083W4N1Z2
7366,B083WC2GY9
7367,B083WY6GD7
7368,B083XHP2GN
7369,B083XTKV8V
7370,B083XZLTJR
7371,B083Y4S579
7372,B083Y6H7BT
7373,B083Y77WHD
7374,B083YHS7SV
7375,B083YMBF52
7376,B083YS3QFP
7377,B083Z297FY
7378,B083ZJYDRV
7379,B083ZZ96PT
7380,B0841BKW2D
7381,B0841FLXW3
7382,B0841WCG39
7383,B08431QZCS
7384,B0844QM6LS
7385,B0845QFDWF
7386,B0846MH1CJ
7387,B08484Q1JB
7388,B0848CJBJ7
7389,B084B3MZ29
7390,B084BCMM79
7391,B084BQPCNJ
7392,B084DN5ZTK
7393,B084DV1J12
7394,B084DVLW4R
7395,B084DWMS8S
7396,B084H28K2T
7397,B084H2NHL4
7398,B084H2NHNN
7399,B084HC99VY
7400,B084HF8SKM
7401,B084HM5WG1
7402,B084HP8DW2
7403,B084HRSMQD
7404,B084HRSSWB
7405,B084J4PX72
7406,B084J67DCZ
7407,B084JJRNRD
7408,B084JM14QH
7409,B084JN1C4N
7410,B084KD2964
7411,B084L1X6QG
7412,B084LBZVBC
7413,B084LMTC43
7414,B084LS3RQJ
7415,B084NWL368
7416,B084Q456W7
7417,B084QV5F98
7418,B084RJZ5BP
7419,B084RQ6MHJ
7420,B084SJGL86
7421,B084SKJCYY
7422,B084SNT7YZ
7423,B084T3RMQ6
7424,B084T711CS
7425,B084TBCZ8Y
7426,B084TBSL2C
7427,B084VKX27C
7428,B084VNCBNZ
7429,B084VTPDQV
7430,B084WBSBYT
7431,B084WLBBYH
7432,B084WLDV95
7433,B084X34CKC
7434,B084Y41WCL
7435,B084YRH27N
7436,B084YZ3QRK
7437,B084ZB83T8
7438,B084ZKYCCT
7439,B0851G5PV4
7440,B0851LQK2Y
7441,B0851M3VX5
7442,B0851SCGRN
7443,B08523WH3Q
7444,B085254RRZ
7445,B085294K53
7446,B0852P7WS9
7447,B08534ZV2Y
7448,B08541SH16
7449,B08548CM17
7450,B0854CTL5N
7451,B0854HDH9X
7452,B08559H8W2
7453,B0856PVC46
7454,B0856W45VL
7455,B08571L3CG
7456,B085884FTD
7457,B0858F4P5Q
7458,B0859W13T7
7459,B085D448ZZ
7460,B085F378JS
7461,B085H9N7MW
7462,B085HBM4Y5
7463,B085HFPLCZ
7464,B085LQ2WWG
7465,B085M2GBJ2
7466,B085M3GLSG
7467,B085MY79KW
7468,B085Q8VBCZ
7469,B085QB1QSP
7470,B085QB5774
7471,B085QB5XW5
7472,B085QBSJVX
7473,B085R5LPCF
7474,B085RCN4SC
7475,B085RNT9H9
7476,B085S3YK5D
7477,B085SGW4KK
7478,B085SN7HF5
7479,B085SR3QZY
7480,B085STB7FR
7481,B085SYYH9H
7482,B085T4YY9M
7483,B085T7H574
7484,B085VND15G
7485,B085W5XVV6
7486,B085WPM2X4
7487,B085X3DC9N
7488,B085YG25ZS
7489,B085YKV3GL
7490,B085YL4135
7491,B085YLXCDH
7492,B085YV1KJB
7493,B085Z3LG3G
7494,B085ZBD7RV
7495,B0861D7Z1P
7496,B08629YHWX
7497,B0862FVGSN
7498,B0862W5BQ8
7499,B0863JDCV3
7500,B0863JV2B8
7501,B08641TPV7
7502,B0864SF4GC
7503,B0864YBHY6
7504,B086542M1D
7505,B086623YMM
7506,B0866PRHKN
7507,B0866QDXCQ
7508,B0866QGMWR
7509,B0866QKCL1
7510,B0866QLYDC
7511,B0866RWKG3
7512,B0866RZZLF
7513,B0866S1LX1
7514,B0866S2DC4
7515,B0866SG5XM
7516,B0869DD7M8
7517,B0869QG7WC
7518,B086BXNYV2
7519,B086CSNQ44
7520,B086CTSMB3
7521,B086CV7RYP
7522,B086DN6T9C
7523,B086GBS8K5
7524,B086GHVYHH
7525,B086GSYZP2
7526,B086H81KKS
7527,B086HF4KD8
7528,B086HJYR1S
7529,B086HQL2PC
7530,B086HW283J
7531,B086JHY1SD
7532,B086JKDFPS
7533,B086KKSMW5
7534,B086KSZWTW
7535,B086KYG12X
7536,B086M62KQB
7537,B086ML9LRS
7538,B086N38W75
7539,B086N8TM5P
7540,B086NXRY2Z
7541,B086R2Q436
7542,B086RJFYGY
7543,B086RP7KHH
7544,B086SGZD6X
7545,B086TKJW37
7546,B086VSQND8
7547,B086VZYZ8Y
7548,B086W5QBLV
7549,B086WG4WFW
7550,B086WR28J1
7551,B086WR7QW3
7552,B086WRN3XF
7553,B086WXPC81
7554,B086X5H659
7555,B086YKJLHP
7556,B086ZKRDW3
7557,B086ZKTHLH
7558,B086ZKWC9K
7559,B086ZLGDQ3
7560,B086ZLWZ7R
7561,B086ZMQWQ1
7562,B08723V9DD
7563,B0872KB1LS
7564,B0872YWPK8
7565,B08735RDP6
7566,B08739SDH3
7567,B0873KJ12L
7568,B08746TVSH
7569,B0874BRCVD
7570,B0874TG3N7
7571,B0874YZVWK
7572,B0876VRKD8
7573,B0876XG5ZM
7574,B0877K6NTD
7575,B087CRZSP3
7576,B087CSHCY1
7577,B087D88N39
7578,B087D9VRGC
7579,B087DPB298
7580,B087DPYNYP
7581,B087DY7KVS
7582,B087FS6VR3
7583,B087G2Z4WH
7584,B087GS2956
7585,B087HGJJSQ
7586,B087HQRW2M
7587,B087J367SP
7588,B087K39T39
7589,B087KFSSBC
7590,B087LY2KT6
7591,B087LZGVWP
7592,B087NBDBSK
7593,B087NHB75D
7594,B087NJWKZL
7595,B087Q5XTK9
7596,B087QG48C7
7597,B087QKVDDR
7598,B087RT8S4T
7599,B087SQMGG3
7600,B087TW738K
7601,B087VJ9V23
7602,B087VLKRFK
7603,B087WVV17H
7604,B087XQDMXB
7605,B087XRCTLN
7606,B087XYQFJ6
7607,B087YVHWHV
7608,B087Z5WDJ2
7609,B087ZF8228
7610,B087ZGY14R
7611,B0882DW741
7612,B088433G1V
7613,B0885LS1GN
7614,B08879MG33
7615,B0887CHVFF
7616,B0887DYQT3
7617,B0887P21Z2
7618,B088B22VLB
7619,B088BQZWVJ
7620,B088C13JW7
7621,B088C3KRH3
7622,B088C3NSNG
7623,B088C3SF1X
7624,B088C3ZJHV
7625,B088C4L7CD
7626,B088CQHDVQ
7627,B088D24Z8D
7628,B088D3VXC6
7629,B088D6XR55
7630,B088D7SRKM
7631,B088FZV63K
7632,B088GHDH37
7633,B088GJ1L5Z
7634,B088GTNGSX
7635,B088HF4YNH
7636,B088HPB34H
7637,B088HSR1GN
7638,B088HWTHRJ
7639,B088KFD8JW
7640,B088KNRJ8L
7641,B088KQ1P52
7642,B088KWMD91
7643,B088L5PG59
7644,B088NJQQFH
7645,B088PZR86K
7646,B088R8RKP6
7647,B088RBT8RH
7648,B088V8GQ8G
7649,B088VGV2L7
7650,B088W1VYR5
7651,B088X2Y1PR
7652,B088ZSN5SQ
7653,B08916MGSW
7654,B0891X1KDY
7655,B0893BNZZC
7656,B0893S2K7V
7657,B0893Y759G
7658,B0894C871L
7659,B0894Q426Y
7660,B0894RDDK4
7661,B0894ZYQH6
7662,B0895KGSY1
7663,B0896PNNZF
7664,B08971P7N4
7665,B089776S2Y
7666,B0897859VJ
7667,B089D2CYXD
7668,B089D7NYFV
7669,B089F9YDFC
7670,B089GL13D8
7671,B089GR5P6M
7672,B089L8LJX9
7673,B089LC2NWC
7674,B089LHHYJD
7675,B089LVSKZ7
7676,B089PCBJ45
7677,B089PKNWYC
7678,B089PMMT1X
7679,B089QQMSQL
7680,B089RFGG9P
7681,B089STGG4Z
7682,B089TQDCL4
7683,B089VJT3K2
7684,B089W47DTX
7685,B089WSZCVD
7686,B089Y7SXQH
7687,B089YF6T86
7688,B08B195CGZ
7689,B08B2K36H2
7690,B08B3W1QBF
7691,B08B42L42K
7692,B08B45ZYVC
7693,B08B49KWLN
7694,B08B6S9FL6
7695,B08B72CDRZ
7696,B08B9G9HF9
7697,B08BCH2L6G
7698,B08BCY3KJW
7699,B08BDM3ZJJ
7700,B08BF4CZSV
7701,B08BFH1K9D
7702,B08BFYMLH8
7703,B08BG6YSM9
7704,B08BG7J2MN
7705,B08BH87FPJ
7706,B08BHWQWBD
7707,B08BHZK1C7
7708,B08BJM6LCG
7709,B08BJNHF11
7710,B08BJSQQ5J
7711,B08BKKN8HK
7712,B08BL3DKFV
7713,B08BLWH7H5
7714,B08BP228MK
7715,B08BR11L1P
7716,B08BR3K2SC
7717,B08BRFWGMC
7718,B08BRJ98H3
7719,B08BSKC6LP
7720,B08BSL2YC2
7721,B08BTWSCZG
7722,B08BTZ4C4F
7723,B08BW3T6FL
7724,B08BXMX41Q
7725,B08BY8QFS3
7726,B08BZ4Y2KP
7727,B08BZC6NTP
7728,B08BZDH6WN
7729,B08BZRQK1W
7730,B08BZSCHZ3
7731,B08C19SRMX
7732,B08C1F2RTC
7733,B08C4K4SMW
7734,B08C4Y26FP
7735,B08C5GNDWF
7736,B08C6ZMKWF
7737,B08C7PF4D2
7738,B08C7T4YQW
7739,B08C8LLP7Z
7740,B08CB55HC6
7741,B08CBJJKGF
7742,B08CGJ7VVX
7743,B08CJJPGDF
7744,B08CK32R6X
7745,B08CKZ36N7
7746,B08CLNX58K
7747,B08CLP6DKR
7748,B08CPM992Y
7749,B08CQ1YDPJ
7750,B08CQ2MVZL
7751,B08CQ2PP18
7752,B08CQ4HB89
7753,B08CS391BR
7754,B08CS51S2L
7755,B08CS6WNX2
7756,B08CS787JN
7757,B08CS9B7TP
7758,B08CS9C4MD
7759,B08CS9F66T
7760,B08CSC9RKR
7761,B08CSN9JJ8
7762,B08CSZDXZY
7763,B08CVC8RDC
7764,B08CVR9PVS
7765,B08CVRMWSQ
7766,B08CXB3W7N
7767,B08CXCH1RQ
7768,B08CXHHLWS
7769,B08CXHNJFY
7770,B08CXLDC3N
7771,B08CXYYMZQ
7772,B08CXZ4CYX
7773,B08CY3BX7L
7774,B08CY3BZZ5
7775,B08CYQNBJK
7776,B08CYQWNKH
7777,B08CZ4KZHN
7778,B08D1G9XR4
7779,B08D3R1GLG
7780,B08D3X414V
7781,B08D4QDPNW
7782,B08D4ZJCCR
7783,B08D71JMQ3
7784,B08D72C25X
7785,B08D72GSMS
7786,B08D73HWCX
7787,B08D7638C8
7788,B08D7CXSFQ
7789,B08D7GJQ8S
7790,B08D7GW233
7791,B08D7JGLXV
7792,B08D7JPKLZ
7793,B08D8F6ZFV
7794,B08D8JYWQS
7795,B08D8KLVRG
7796,B08D96T88S
7797,B08DBDSVBC
7798,B08DBFKSKZ
7799,B08DCYHFD4
7800,B08DD512LY
7801,B08DDG9B4H
7802,B08DF8L8GY
7803,B08DFCLK1P
7804,B08DGN2CKC
7805,B08DGNGDFR
7806,B08DHCBWQB
7807,B08DJC5BSD
7808,B08DJDMVX9
7809,B08DJHLSBB
7810,B08DJRFLBX
7811,B08DJSJMCD
7812,B08DJTGL58
7813,B08DJVJN1V
7814,B08DKD8RNG
7815,B08DKR85CX
7816,B08DKXZ9MS
7817,B08DLFVGX1
7818,B08DLPC4V3
7819,B08DLS9V5D
7820,B08DLSLCF3
7821,B08DMKGHYK
7822,B08DMXDPW5
7823,B08DN5GW21
7824,B08DN8YHBH
7825,B08DPN1ZD3
7826,B08DPP3T9Z
7827,B08DQGH9T1
7828,B08DQSWJVY
7829,B08DQT3F3C
7830,B08DQYT8FM
7831,B08DVD4752
7832,B08DVQ2P8F
7833,B08DWN51TQ
7834,B08DXGLJJF
7835,B08DXVTVD1
7836,B08DXYH5HY
7837,B08DZMZ49B
7838,B08F14WY7L
7839,B08F1P3BCC
7840,B08F2J8NFH
7841,B08F2WDLXL
7842,B08F35QYWC
7843,B08F35WH65
7844,B08F3B3RLF
7845,B08F3FC3V2
7846,B08F4ZLVJ6
7847,B08F5D7WVZ
7848,B08F5JBW43
7849,B08F5JHTSX
7850,B08F6GD3RZ
7851,B08F6GPRH6
7852,B08F77BXDF
7853,B08F8JTSDM
7854,B08F8JTYW3
7855,B08F8M43C7
7856,B08F8N8DFB
7857,B08F98WSWH
7858,B08F9WPZ83
7859,B08F9XGJGJ
7860,B08F9ZCTCL
7861,B08FBL6MFV
7862,B08FBX2QZK
7863,B08FC1DYFY
7864,B08FC2DMMM
7865,B08FC2T2M4
7866,B08FC4NGV5
7867,B08FC4WWDL
7868,B08FD92559
7869,B08FFYDFR4
7870,B08FG5D9ZV
7871,B08FG7X8TL
7872,B08FHQ52CV
7873,B08FJS3N7C
7874,B08FKWQS6W
7875,B08FKYV3YC
7876,B08FMGH9MH
7877,B08FQS5KL1
7878,B08FQV8XF5
7879,B08FRC3CVQ
7880,B08FRQR5RV
7881,B08FSBNYJW
7882,B08FV37JBG
7883,B08FV5C3F2
7884,B08FVMRW4D
7885,B08FY6GHYF
7886,B08FZZ7BDW
7887,B08FZZDBHL
7888,B08FZZDCVN
7889,B08FZZHMS4
7890,B08FZZRY54
7891,B08G1N4W4D
7892,B08G4DZ3K8
7893,B08G4KJ7WP
7894,B08G4RG6F4
7895,B08G4W4564
7896,B08G558L1T
7897,B08G56KVL9
7898,B08G5KMKCY
7899,B08G5T6V12
7900,B08G5VBTMJ
7901,B08G82ZPVD
7902,B08G87WSCR
7903,B08G88ZJ97
7904,B08G8B8218
7905,B08G8CP6CW
7906,B08G8MYM9M
7907,B08G8PMRJQ
7908,B08G8X84QK
7909,B08G9TJWW9
7910,B08GB83F7C
7911,B08GBY2BK8
7912,B08GC1WFTM
7913,B08GDG2YPP
7914,B08GDRCCPK
7915,B08GGYLJ4R
7916,B08GH7MQCJ
7917,B08GHW4TBS
7918,B08GJNS18R
7919,B08GKKT462
7920,B08GKKZKQH
7921,B08GKLWDGL
7922,B08GKML7KP
7923,B08GL53KJG
7924,B08GL7QPQ8
7925,B08GLRVD95
7926,B08GNHJB6X
7927,B08GNV6R79
7928,B08GQ5XXKV
7929,B08GRRK8V8
7930,B08GS6KWJ7
7931,B08GVXJGP6
7932,B08GX2W7Z4
7933,B08GX2YF4D
7934,B08GZYBK6Z
7935,B08H13Y9RN
7936,B08H28FGGF
7937,B08H338QZX
7938,B08H5BKX9M
7939,B08H6D6HJV
7940,B08H7GT1W4
7941,B08H85R4XD
7942,B08HC93XBG
7943,B08HFGPRVQ
7944,B08HGKR7N4
7945,B08HHJ2P3B
7946,B08HJ7CNY5
7947,B08HJBRCG5
7948,B08HKGXGML
7949,B08HLTMC3K
7950,B08HN4DH2S
7951,B08HNDGRJ5
7952,B08HP4LG43
7953,B08HPSGXT9
7954,B08HPY1Q7W
7955,B08HQF77H9
7956,B08HQG5L4C
7957,B08HRLQNY3
7958,B08HRNQC8J
7959,B08HRX8YDH
7960,B08HSGZT6H
7961,B08HVCW24D
7962,B08HVKV65C
7963,B08HVXP1PM
7964,B08HWMRTBM
7965,B08HY1NDRP
7966,B08HYDP59S
7967,B08HYTVDQ6
7968,B08J42GSW6
7969,B08J4CRB4B
7970,B08J4ZJ4N6
7971,B08J79T7CQ
7972,B08J84ZYF1
7973,B08J8DVRWP
7974,B08J91XPGV
7975,B08J94XH4Z
7976,B08J97GRK7
7977,B08J9JK4H5
7978,B08J9NQ6CS
7979,B08JBNRVS9
7980,B08JBXX49X
7981,B08JG78R2S
7982,B08JH3PJ2Q
7983,B08JJ2W7WK
7984,B08JJ3N9NK
7985,B08JJ3Y3QP
7986,B08JJ4944T
7987,B08JL3KN65
7988,B08JNQ8JJJ
7989,B08JPCCF92
7990,B08JPHJX5S
7991,B08JQ42WFN
7992,B08JS584P2
7993,B08JYVX1W4
7994,B08JZBPRKL
7995,B08JZZ4TK7
7996,B08K1L5CNG
7997,B08K1X4NX6
7998,B08K22FTF1
7999,B08K2S5B88
8000,B08K2WJX73
8001,B08K3ZGT5N
8002,B08K4FTDW6
8003,B08K4PNJ7C
8004,B08K4XM5Q5
8005,B08K5YH4VG
8006,B08K76F4T2
8007,B08K8CP5MW
8008,B08K8G8MFJ
8009,B08K8GDZHT
8010,B08K8N5FB2
8011,B08KCQTGTT
8012,B08KDX5H5Z
8013,B08KDZ2NZX
8014,B08KFPRC6Z
8015,B08KFRTLHC
8016,B08KFZM2RL
8017,B08KG14KCT
8018,B08KG6QS62
8019,B08KGF1DPF
8020,B08KGSZKCT
8021,B08KGSZZ63
8022,B08KGXGDX5
8023,B08KH5RC36
8024,B08KHM6QJB
8025,B08KHN8TPP
8026,B08KJFFWLB
8027,B08KKHYLV5
8028,B08KKPL7CB
8029,B08KLHVCDL
8030,B08KMSHV76
8031,B08KP3N4MT
8032,B08KPW463N
8033,B08KQ1L2W3
8034,B08KQ1YP6K
8035,B08KRC18S8
8036,B08KRYZXHB
8037,B08KT73Q5V
8038,B08KTJC3P5
8039,B08KVG1TPT
8040,B08KWDZMTX
8041,B08KWPYTT1
8042,B08KWT877M
8043,B08KXFRDZW
8044,B08KZ1TZYB
8045,B08KZ3QN72
8046,B08KZ6LTJH
8047,B08KZ7XB8B
8048,B08KZ8VDFX
8049,B08L1YH81C
8050,B08L22MR92
8051,B08L32S7C2
8052,B08L4FDDJD
8053,B08L4VBZ7Y
8054,B08L4VLRW5
8055,B08L4W69FF
8056,B08L4YVC57
8057,B08L5417YW
8058,B08L54WTC3
8059,B08L5CVWKC
8060,B08L5M9BTJ
8061,B08L6BD4BR
8062,B08L6C4XMK
8063,B08L6F27ZJ
8064,B08L6G8Y86
8065,B08L6GDDJM
8066,B08L6GG2CB
8067,B08L6J9C8N
8068,B08L72P245
8069,B08L8H23Z1
8070,B08L8W3BJ5
8071,B08L8Z7SZF
8072,B08L96B9PT
8073,B08L9F82N4
8074,B08L9K7PPW
8075,B08LD9NGQ2
8076,B08LFP42TN
8077,B08LG9GM5J
8078,B08LH2B5YW
8079,B08LHQS6CM
8080,B08LJ6JVS2
8081,B08LJR7M83
8082,B08LK36L7H
8083,B08LK4XKGN
8084,B08LL3XNMJ
8085,B08LL4VCBD
8086,B08LMQJPL9
8087,B08LNZKN6Q
8088,B08LNZY64W
8089,B08LPBT7ZG
8090,B08LQNL42Z
8091,B08LQVL2WL
8092,B08LVGBWJ2
8093,B08LXZPC1M
8094,B08LYFRFDK
8095,B08LYQRL2G
8096,B08M3TZBQ9
8097,B08M5D5JZS
8098,B08M7FP4RM
8099,B08M8Y6473
8100,B08M9Y9XFC
8101,B08MBWQQFY
8102,B08MC3CJYJ
8103,B08MCBCPVX
8104,B08MDVZVMN
8105,B08MDWVN58
8106,B08MFWGDH1
8107,B08MG92QH7
8108,B08MHZP6KV
8109,B08MJWVQYH
8110,B08ML52F7J
8111,B08MLTL5Q2
8112,B08MNFWQ63
8113,B08MNVHC3P
8114,B08MQKHGVN
8115,B08MR1J8BP
8116,B08MRTZWJ5
8117,B08MS9NKJK
8118,B08MTGXT2F
8119,B08MTJXHPP
8120,B08MWHSF8M
8121,B08MWKDCCF
8122,B08MXVP2CL
8123,B08MY14YJK
8124,B08MZ3YR22
8125,B08MZG14P3
8126,B08MZKTY29
8127,B08MZKY9G7
8128,B08MZT1SWH
8129,B08N1DF9BX
8130,B08N3F2X24
8131,B08N3ZWCN8
8132,B08N493TN3
8133,B08N546G3X
8134,B08N55TWPK
8135,B08N5TC2Z3
8136,B08N6HJ3FB
8137,B08N6JCDN4
8138,B08N6PZR6Y
8139,B08N828TL1
8140,B08N8GCHGJ
8141,B08N8XDHVV
8142,B08ND91NXZ
8143,B08NDRC8S2
8144,B08NF2HBBS
8145,B08NFP5DXH
8146,B08NK1K8ZJ
8147,B08NKVTYCW
8148,B08NM59Q58
8149,B08NNL7762
8150,B08NPJS5DH
8151,B08NPK8WVD
8152,B08NPZ574Z
8153,B08NPZZW5R
8154,B08NQZ12WV
8155,B08NRGSMMZ
8156,B08NSQLP4Z
8157,B08NTQH23X
8158,B08NVNWK4S
8159,B08NW1RXPF
8160,B08NXBFSSQ
8161,B08NXC467G
8162,B08NXDXYP1
8163,B08NXP7MN7
8164,B08NY9L5VV
8165,B08NYJN4RM
8166,B08NYMYDF2
8167,B08NYYFSQL
8168,B08NZTWL97
8169,B08P12PSHN
8170,B08P143LGY
8171,B08P1KDBKP
8172,B08P2GRPPC
8173,B08P2QYD7T
8174,B08P35VL32
8175,B08P39QZJK
8176,B08P3BM6L9
8177,B08P3LJQ5K
8178,B08P3P65FT
8179,B08P3VMW76
8180,B08P4BX9TP
8181,B08P4QNHVD
8182,B08P4VPLZ2
8183,B08P4VX48V
8184,B08P4ZJWPT
8185,B08P64V323
8186,B08P66CY19
8187,B08P68RPGS
8188,B08P6KSW29
8189,B08P6S2757
8190,B08P72Y8MN
8191,B08P76ZLJT
8192,B08P7SXB1W
8193,B08P88KVNS
8194,B08PBL87QL
8195,B08PBQZ7NC
8196,B08PBS5CBX
8197,B08PCJK5WK
8198,B08PD6GCSW
8199,B08PDJGBDJ
8200,B08PDLVHWS
8201,B08PFLBCY4
8202,B08PFS7N31
8203,B08PFVF5L8
8204,B08PFW1S1V
8205,B08PH7WZVY
8206,B08PHB37WK
8207,B08PJ7BK62
8208,B08PKTXJF9
8209,B08PKV467P
8210,B08PNSRG33
8211,B08PNZ3TX3
8212,B08PQ3F48L
8213,B08PS95VXS
8214,B08PSRDKRM
8215,B08PWJ81FB
8216,B08PWWD2Q9
8217,B08PX8QRKX
8218,B08PXZT9X8
8219,B08PYJNMXB
8220,B08PZDYWQ2
8221,B08Q1H2VY2
8222,B08Q26YBS4
8223,B08Q2D3XR1
8224,B08Q2RBN1C
8225,B08Q2WMGKP
8226,B08Q349KSF
8227,B08Q4GN692
8228,B08Q5GGTP3
8229,B08Q8XYXNR
8230,B08Q8ZGHF6
8231,B08Q94GV32
8232,B08Q94RTBF
8233,B08QC13ML8
8234,B08QCYR7P5
8235,B08QFM2GCN
8236,B08QG4J4MW
8237,B08QGQ9FJ1
8238,B08QKRLVDC
8239,B08QKWQS9J
8240,B08QMV7BG8
8241,B08QPSB7R7
8242,B08QPTSY63
8243,B08QQC6C29
8244,B08QQDQQY7
8245,B08QSB7SR3
8246,B08QTNX9KS
8247,B08QV1HG4S
8248,B08QYHJ3VK
8249,B08QYJYLXD
8250,B08QYZFG5D
8251,B08QZFRMB3
8252,B08QZNFH1W
8253,B08R2NLN6T
8254,B08R3D8R9W
8255,B08R3M38LP
8256,B08R3X5FKJ
8257,B08R4F8ZJT
8258,B08R4N4JJM
8259,B08R4N9721
8260,B08R52FQGM
8261,B08R5N6VQ5
8262,B08R5NGMS1
8263,B08R5XRS5T
8264,B08R6S1M1K
8265,B08R7CHFWR
8266,B08R7HBWCF
8267,B08R88F5DX
8268,B08R9VH5GX
8269,B08RBNSHM9
8270,B08RCDGSLJ
8271,B08RD8K7ZG
8272,B08RLW7918
8273,B08RRV88RQ
8274,B08RRZDJD8
8275,B08RTN8KZC
8276,B08S139B9F
8277,B08S3YWW2S
8278,B08S55D31N
8279,B08SB6RZD4
8280,B08SB72Q8F
8281,B08SBZJQG4
8282,B08SC3SD7F
8283,B08SCF2HC2
8284,B08SF5ST9G
8285,B08SFZJJ6T
8286,B08SJH9Q9V
8287,B08SJQPFKZ
8288,B08SK4WK3Z
8289,B08SK6BDK1
8290,B08SM6BYB5
8291,B08SM7QW5K
8292,B08SMRYZRL
8293,B08SNQM24T
8294,B08SQ8QNPW
8295,B08STNKT65
8296,B08STSQNG3
8297,B08SWR9XV8
8298,B08SWW147M
8299,B08SXGL5TW
8300,B08SXQPZKF
8301,B08T1DKCWJ
8302,B08T1KPFPQ
8303,B08T3L2RGQ
8304,B08T4FH9Y8
8305,B08T5M16S6
8306,B08T6XTZ5D
8307,B08T9SP3K2
8308,B08TBYS1CT
8309,B08TCCVSMZ
8310,B08TDJ8PJ3
8311,B08TFRX9LM
8312,B08TJ3JC8Y
8313,B08TJXX3MD
8314,B08TK5RYXZ
8315,B08TLGT1SY
8316,B08TMJFSV3
8317,B08TQY8MV6
8318,B08TQYTJ2L
8319,B08TRCQHWZ
8320,B08TRD3FRW
8321,B08TSMRX24
8322,B08TTT6F56
8323,B08TTW5K9D
8324,B08TVKHS7J
8325,B08TWG9JVK
8326,B08TWZ8GXW
8327,B08TWZSXS1
8328,B08TX9GNB3
8329,B08TXZKP5B
8330,B08TZX2DW5
8331,B08V14JZJT
8332,B08V1GD1L9
8333,B08V21RVDG
8334,B08V2MLHLN
8335,B08V2ZMXS8
8336,B08V31ZJ3R
8337,B08V34ZKQK
8338,B08V3CKNCP
8339,B08V3HGW5B
8340,B08V3J4W7P
8341,B08V3XCGRQ
8342,B08V47HYBW
8343,B08V4H36YQ
8344,B08V5YDPND
8345,B08V5YJXRW
8346,B08V7BYZBN
8347,B08V892KR7
8348,B08V9VN5Q6
8349,B08VCZDZSP
8350,B08VD2NX25
8351,B08VD9CF9G
8352,B08VDHLQD6
8353,B08VGFSNMM
8354,B08VGR8CS1
8355,B08VHD9GS4
8356,B08VHJH6Q2
8357,B08VHN19FF
8358,B08VHSN9KC
8359,B08VHV96BY
8360,B08VS85D5B
8361,B08VSJZLMJ
8362,B08VT1LLSL
8363,B08VV3MY1B
8364,B08VWZRB92
8365,B08VXPD2H6
8366,B08VXWQTM3
8367,B08VXYLL7V
8368,B08VY5DRJJ
8369,B08W1KQ8PQ
8370,B08W24HJS8
8371,B08W456K2H
8372,B08W5G45PR
8373,B08W8W86VM
8374,B08WBCLXBF
8375,B08WD9V41F
8376,B08WDLWZHT
8377,B08WGS5YH6
8378,B08WHB73DK
8379,B08WHYDDDH
8380,B08WJSHSLC
8381,B08WJVFK6T
8382,B08WLQGKM2
8383,B08WNGBZ4G
8384,B08WQ55H4Y
8385,B08WR8CP74
8386,B08WWN3NWJ
8387,B08WWQSYY8
8388,B08WX1XYSC
8389,B08WXGLTGR
8390,B08WXWJKR3
8391,B08WY43HX5
8392,B08WYH9T9Y
8393,B08WZ6RNSK
8394,B08X1N2GGB
8395,B08X1VNS6S
8396,B08X1YT1ZH
8397,B08X1YZR1N
8398,B08X23NDDH
8399,B08X2DCF2B
8400,B08X2HG9Y8
8401,B08X2MDL24
8402,B08X2PK86P
8403,B08X2R5KT4
8404,B08X4CPY51
8405,B08X4FL6VT
8406,B08X4K8ZPY
8407,B08X4LFHZK
8408,B08X5HB8Q8
8409,B08X7P2JF4
8410,B08X8DXQ5M
8411,B08X8FQSJP
8412,B08X8GP7KM
8413,B08X9HYPZJ
8414,B08X9TRKMN
8415,B08XBV9VRG
8416,B08XBY9FK5
8417,B08XC72XPH
8418,B08XD4N3K4
8419,B08XD4QR5C
8420,B08XJP2KFT
8421,B08XM6C96K
8422,B08XM7BLKF
8423,B08XMDNVX6
8424,B08XNCHTCY
8425,B08XNLV8YN
8426,B08XNZ8ZMS
8427,B08XP1JHCH
8428,B08XPWDSWW
8429,B08XQDH1PV
8430,B08XQKQ9WR
8431,B08XQMHG9H
8432,B08XQN93H6
8433,B08XVF418R
8434,B08XXXRL3J
8435,B08XYD548C
8436,B08XZ12RV4
8437,B08XZ7X1MN
8438,B08XZC9JT9
8439,B08XZGBD9N
8440,B08Y18HY3F
8441,B08Y3798QJ
8442,B08Y5F6DYW
8443,B08Y66W7JH
8444,B08Y675NK2
8445,B08Y67FTCQ
8446,B08Y67PDDY
8447,B08Y68GYDP
8448,B08Y6LF3W9
8449,B08Y6QCLJP
8450,B08Y6YJLCH
8451,B08Y8FSTMT
8452,B08Y8K5DXR
8453,B08Y8KS619
8454,B08Y8WLKT2
8455,B08Y929JZN
8456,B08YB2CN2M
8457,B08YD8687B
8458,B08YF1VBYD
8459,B08YFD9469
8460,B08YFJ1D9V
8461,B08YFJYD5Z
8462,B08YFXR1KC
8463,B08YGKCHNF
8464,B08YHYHHDM
8465,B08YJXJ63K
8466,B08YKCBRBB
8467,B08YLDQ45Y
8468,B08YLXC3RR
8469,B08YLXYCYK
8470,B08YMVB98D
8471,B08YNPQPR8
8472,B08YP4H8HS
8473,B08YQJDG6F
8474,B08YS3HXC5
8475,B08YT1894V
8476,B08YY7953H
8477,B08YYLLVFW
8478,B08Z243FPV
8479,B08Z2X5V3C
8480,B08Z2ZKYNP
8481,B08Z31SKBB
8482,B08Z3HBVCG
8483,B08Z4JTDVN
8484,B08Z9F94JT
8485,B08Z9PSGKQ
8486,B08ZBYB37H
8487,B08ZD5CFV3
8488,B08ZDF3WT3
8489,B08ZDR974Q
8490,B08ZF5ZDMD
8491,B08ZFS2NFC
8492,B08ZJCFYCX
8493,B08ZMYMRNL
8494,B08ZN7YXTQ
8495,B08ZN98QSN
8496,B08ZNBMQDN
8497,B08ZPVSG7P
8498,B08ZPXF8H7
8499,B08ZRY3LWL
8500,B08ZT2BTZ1
8501,B08ZT6RRKS
8502,B08ZV214N8
8503,B08ZVBJL2K
8504,B08ZYW9BD4
8505,B08ZZH5KM4
8506,B08ZZNWPSB
8507,B09117TPYH
8508,B0913CFJQV
8509,B0914FVW5Z
8510,B0914GM1NG
8511,B0914WWMZM
8512,B0915B62LW
8513,B0915N8FCW
8514,B09163WV34
8515,B09167B5C9
8516,B0916CZRYM
8517,B0916GVLM5
8518,B0917BW1RH
8519,B0918TK9XD
8520,B0919NL52L
8521,B0919RPLHL
8522,B091BD9T1Z
8523,B091C4ZYF5
8524,B091C6WTL2
8525,B091C93VB5
8526,B091D1JP2M
8527,B091D6675N
8528,B091DB5S52
8529,B091DVY264
8530,B091DY681S
8531,B091FX2GRJ
8532,B091FZ89QR
8533,B091H9K4BX
8534,B091J7GG77
8535,B091J9NCWC
8536,B091JB6HQ7
8537,B091JV819F
8538,B091K4WYD1
8539,B091LDVYZK
8540,B091LXKW6C
8541,B091MWKY6Z
8542,B091N1HTGV
8543,B091NM9QNK
8544,B091PWF3NB
8545,B091Q744BJ
8546,B091RLXTX1
8547,B091T6MLCT
8548,B091V2YT8Z
8549,B091VC6HWV
8550,B091VTJKKX
8551,B091YVPBW6
8552,B091ZHX225
8553,B091ZLXZKD
8554,B0921J754X
8555,B0921LXGF9
8556,B0922BSHZZ
8557,B0922XYHD2
8558,B0923F41XF
8559,B0923HNC4C
8560,B09242L5K9
8561,B0925MP96J
8562,B092878XG8
8563,B0928HXWVF
8564,B0928LMVML
8565,B0928YC2P4
8566,B0929SSHPR
8567,B092CTKMQ8
8568,B092CW6CWC
8569,B092CYKT29
8570,B092CZ33PF
8571,B092D2DV11
8572,B092D4HPST
8573,B092DD5L2V
8574,B092DDH4ZY
8575,B092DFWB3N
8576,B092FKXJGX
8577,B092GCN9NL
8578,B092HSPZJ3
8579,B092JCDHKH
8580,B092JDKT8F
8581,B092JY9TKS
8582,B092K1Z84G
8583,B092K6QPFD
8584,B092KV7TNF
8585,B092M1H8C2
8586,B092Q8Y4L6
8587,B092RGNMVK
8588,B092RPLHV2
8589,B092RVYFG2
8590,B092SJ1JG6
8591,B092SZ14XT
8592,B092T3RHHB
8593,B092V5DNH6
8594,B092W3K376
8595,B092WF5BZ6
8596,B092WHC7C1
8597,B092WMCV57
8598,B092XPK6CT
8599,B092XWP4L9
8600,B092Y427N8
8601,B092YMVSV9
8602,B092ZCQ5JD
8603,B092ZV6893
8604,B09315SB39
8605,B09326SMX6
8606,B0932GQP4B
8607,B093367L96
8608,B0933BVK6T
8609,B0935ZDCYD
8610,B09373DS97
8611,B09373K265
8612,B09374S4JQ
8613,B0937KH34M
8614,B0937PZCVX
8615,B0939S6BWT
8616,B0939YSDG4
8617,B093B25ZT4
8618,B093BQ3DSK
8619,B093BRHW8V
8620,B093CK9JZ6
8621,B093CYLDBP
8622,B093F3XY3D
8623,B093F9WMN9
8624,B093GF7GH4
8625,B093GSGWSS
8626,B093H9PY4L
8627,B093HKS1H6
8628,B093HT4PDD
8629,B093K568M5
8630,B093KX49NZ
8631,B093L1M56Q
8632,B093PP95NR
8633,B093QHMGRS
8634,B093QLDGNJ
8635,B093SHQRCS
8636,B093SVDY5V
8637,B093TDDZ9D
8638,B093TQ7KNR
8639,B093TR3DJG
8640,B093VQ4RTH
8641,B093VQZ8HZ
8642,B093VV6V9P
8643,B093W16MYC
8644,B093WBZND7
8645,B093XFZW7R
8646,B093Y1PB91
8647,B093Y2WZCY
8648,B093YHNBF7
8649,B093YJVB8K
8650,B093ZJVZVQ
8651,B09438FZ82
8652,B0943GZVYR
8653,B0943KJXWP
8654,B0944JZ1VM
8655,B0945H6KT7
8656,B09464QBRJ
8657,B09472VM57
8658,B0947GKNXT
8659,B09487L9Z6
8660,B0949MFPFK
8661,B0949SYKMX
8662,B094B5XF8Z
8663,B094BGQNLX
8664,B094F6F3KW
8665,B094F8W1M6
8666,B094JD6SHP
8667,B094K3Q7H7
8668,B094KDXPDJ
8669,B094KG5SQP
8670,B094MKQMZR
8671,B094N8ZB1Z
8672,B094NDM6ZH
8673,B094NDYLVJ
8674,B094NVSPYC
8675,B094PMZB6V
8676,B094QWG3VV
8677,B094V36L6Q
8678,B094V7S7D7
8679,B094WRQ27X
8680,B094X7HC69
8681,B094XS2G8K
8682,B094XTKF7W
8683,B094XZZNG3
8684,B094Y1K678
8685,B094Y3JCRK
8686,B094YFRL85
8687,B094Z8WCY9
8688,B09514MP6Z
8689,B09531Y3SB
8690,B0953JQW38
8691,B0953TPRZL
8692,B09554QF7L
8693,B0957R9BSX
8694,B09581879H
8695,B09587GYDY
8696,B0959BDC5F
8697,B095BN341X
8698,B095C1NYZG
8699,B095C28DXK
8700,B095C5FPKM
8701,B095CPSF7Q
8702,B095CPWNTC
8703,B095CQTNS3
8704,B095CRGC77
8705,B095D2DM5G
8706,B095GYWXJZ
8707,B095H4PGJ5
8708,B095J4QZ22
8709,B095JMQVCZ
8710,B095JX15XF
8711,B095L3HVW2
8712,B095L8F33R
8713,B095LLDH4H
8714,B095MDFPGW
8715,B095Q19Y77
8716,B095RQQTRF
8717,B095RSQWSQ
8718,B095RTJH1M
8719,B095SMC8V6
8720,B095SSSRBX
8721,B095TWKKNH
8722,B095VYWY19
8723,B095W1H8XV
8724,B095XGP7JR
8725,B095XKWYC8
8726,B095ZKNPLC
8727,B095ZNJ5WL
8728,B095ZVHRW1
8729,B0961LFNFG
8730,B0962MDKLP
8731,B0963TH5MF
8732,B0964G47GC
8733,B0964XM28T
8734,B0965LFJQR
8735,B0965LPSY2
8736,B0965Q2MGT
8737,B0965S43D4
8738,B0965S43G5
8739,B0965S84V3
8740,B0965S8KHM
8741,B0965VGYWY
8742,B0968C4RJ5
8743,B096B35115
8744,B096B6SYK5
8745,B096BD8XT4
8746,B096CJ2XCV
8747,B096D6WZ6H
8748,B096G72D29
8749,B096GHDJJ1
8750,B096GT8CJH
8751,B096JDVJJK
8752,B096JGM8F4
8753,B096JN6P5C
8754,B096JNWQBN
8755,B096JR6KJ9
8756,B096LN5FLN
8757,B096MBY491
8758,B096NFKHV5
8759,B096T31Z9T
8760,B096WGRZX1
8761,B096WMYYMR
8762,B096WPKZNR
8763,B096WQNLX8
8764,B096WZH1GR
8765,B096YRPD3L
8766,B096Z37B7R
8767,B096Z4H1CP
8768,B096Z98C8C
8769,B0971T9PYY
8770,B0971XBV8M
8771,B097267YFF
8772,B097463WTY
8773,B0977P4WKD
8774,B0977WPP4W
8775,B097829VS1
8776,B097C49PBW
8777,B097C49PGY
8778,B097CPFD6F
8779,B097CYFH1M
8780,B097D8D6L1
8781,B097FV14GN
8782,B097GZJS35
8783,B097HQFB5W
8784,B097HTRSCC
8785,B097HYQRGY
8786,B097JFWHXX
8787,B097KBF8JK
8788,B097LWKYQQ
8789,B097M9MNLD
8790,B097NPQMYH
8791,B097P1N695
8792,B097Q67GHC
8793,B097QFQ8X3
8794,B097RB7LCD
8795,B097RTX8R9
8796,B097S4FZQ7
8797,B097SDCVG9
8798,B097SL9V9J
8799,B097T18FJB
8800,B097WSDN61
8801,B097WVSR4G
8802,B097XB4Q3N
8803,B097XNPQ33
8804,B097Z62WGP
8805,B097ZNJZM2
8806,B0983CVM4M
8807,B0984SYXQT
8808,B09854KSCF
8809,B09855J9FQ
8810,B0987C9SFD
8811,B098813GWM
8812,B0988DQT6V
8813,B0988DWTPG
8814,B0988L5494
8815,B0988LN5CC
8816,B0989LC3Q5
8817,B098D3XBJX
8818,B098DSFTQM
8819,B098DXB21S
8820,B098DXZN3V
8821,B098DZXWWZ
8822,B098F32QY7
8823,B098FJXFT9
8824,B098HS1NDV
8825,B098HVC42K
8826,B098KT5PHC
8827,B098KTK5TS
8828,B098L1QK3G
8829,B098L6QMHT
8830,B098L8T91B
8831,B098ND1F8Q
8832,B098NWL6H4
8833,B098RDGJNQ
8834,B098RJMJTW
8835,B098S7BF1V
8836,B098T6FHK5
8837,B098VHF5X1
8838,B098WTLKLX
8839,B098WY9Q73
8840,B098WZZ9PV
8841,B098X7DNM7
8842,B098XHJYR9
8843,B098ZBSTJM
8844,B0991BL912
8845,B0992PXTF8
8846,B09936C89X
8847,B09938VRT6
8848,B0993HS6CL
8849,B0993WRBVG
8850,B0994K3LDF
8851,B0995D5JXQ
8852,B0995JS7K9
8853,B0995JVG8Q
8854,B0997YZWNG
8855,B0998WL1LK
8856,B0998X1F7G
8857,B09999G489
8858,B099CS1471
8859,B099H3GRY3
8860,B099HT5FDB
8861,B099NY674N
8862,B099P7T7BT
8863,B099PBRFLJ
8864,B099PCHC7R
8865,B099PF2PZY
8866,B099PGFK8W
8867,B099PRQLJ7
8868,B099PVHH6P
8869,B099Q9B6JV
8870,B099QB16MK
8871,B099RZY28N
8872,B099SMK71X
8873,B099V8GPR4
8874,B099W77VPG
8875,B099WG2SWT
8876,B099XMH2XW
8877,B099XP7YL8
8878,B099XPWM8C
8879,B099YKLR69
8880,B099ZD2HWV
8881,B09B1ZZT28
8882,B09B287N7W
8883,B09B28RR2Q
8884,B09B2FV1WS
8885,B09B2GPSVW
8886,B09B2PB4VJ
8887,B09B34TV5J
8888,B09B36FJVT
8889,B09B389TPN
8890,B09B3H1Z3J
8891,B09B41329R
8892,B09B4MTQPD
8893,B09B4P6831
8894,B09B4RTCRG
8895,B09B4S7VNL
8896,B09B4SHPQC
8897,B09B71S6RV
8898,B09B7Q7XF7
8899,B09BB76KJ5
8900,B09BCDYQRR
8901,B09BCFW35Q
8902,B09BDX2C9X
8903,B09BDXS4GV
8904,B09BDZ5297
8905,B09BFKKNQ4
8906,B09BH58YQH
8907,B09BJJX6VJ
8908,B09BMHF8CM
8909,B09BNLV4B3
8910,B09BP1LB8L
8911,B09BRDMCQL
8912,B09BRMQ8H8
8913,B09BTGTQKP
8914,B09BTWCFW9
8915,B09BV9NCZF
8916,B09BW3XJQV
8917,B09BWKSNB2
8918,B09BZGJCGD
8919,B09C1LBP4X
8920,B09C2KZKSX
8921,B09C2RQ7F4
8922,B09C4B4Y2Q
8923,B09C4WS2NK
8924,B09C52XHP5
8925,B09C7R12WC
8926,B09C9HJ4T7
8927,B09CBZ27NW
8928,B09CDJXYVN
8929,B09CF189G3
8930,B09CFMNSS3
8931,B09CGC842P
8932,B09CGQ25VY
8933,B09CGZBJL5
8934,B09CHTZ4LG
8935,B09CHXS3PD
8936,B09CJ45TV7
8937,B09CJXZFBH
8938,B09CJY47G3
8939,B09CKV22L7
8940,B09CNNJJTF
8941,B09CNSKH5M
8942,B09CPRTCS4
8943,B09CQ7R1D8
8944,B09CRDW2DN
8945,B09CTND8Y8
8946,B09CV883N8
8947,B09CZFCZ2N
8948,B09D1JTRFK
8949,B09D33K2SS
8950,B09D499TMP
8951,B09D4ZZLCX
8952,B09D5BBV2N
8953,B09D5D6PXR
8954,B09D81JYFY
8955,B09D8SNZFB
8956,B09DCPPYNR
8957,B09DFL95SV
8958,B09DFNGW8N
8959,B09DFP36ZH
8960,B09DFQQNWZ
8961,B09DG877JS
8962,B09DHPT11X
8963,B09DJ1TSH9
8964,B09DJ5P2XZ
8965,B09DJ74X35
8966,B09DK1FDS4
8967,B09DL8DX11
8968,B09DMDRPFH
8969,B09DMMJTQN
8970,B09DMQ9BMJ
8971,B09DMRKRR4
8972,B09DMSRNZW
8973,B09DMTP2GQ
8974,B09DMZVGJD
8975,B09DN1JHDQ
8976,B09DP8YW6P
8977,B09DPHYTF2
8978,B09DQPD32Y
8979,B09DQQK1NC
8980,B09DRSZN6G
8981,B09DSV771J
8982,B09DV19SMR
8983,B09DVHKL3C
8984,B09DVTFTXY
8985,B09DZGY59D
8986,B09DZZ2GM6
8987,B09F274MQL
8988,B09F2M4HX8
8989,B09F2YQQ1B
8990,B09F3H9RRY
8991,B09F5HFMHX
8992,B09F5N95V9
8993,B09F5WZXNH
8994,B09F66RRYN
8995,B09F6T4TGC
8996,B09F6TKCQ5
8997,B09F7TGV1H
8998,B09F7Y1LBF
8999,B09F81Q875
9000,B09F8GDQ4S
9001,B09F8HMNPH
9002,B09F8PJFB6
9003,B09F8R23JH
9004,B09F8W2J3L
9005,B09F8XXVBJ
9006,B09F94YW4X
9007,B09FB673MF
9008,B09FC5KS4S
9009,B09FC5PYHG
9010,B09FCHBNW8
9011,B09FCNCJXR
9012,B09FCNDF64
9013,B09FCP34X2
9014,B09FCZPTFP
9015,B09FD3HBPV
9016,B09FH32GQ7
9017,B09FHYX81Y
9018,B09FJJVG9M
9019,B09FJXK49Q
9020,B09FKJWLLN
9021,B09FN58JBR
9022,B09FNWYH83
9023,B09FP1QSDD
9024,B09FPY81TY
9025,B09FPYCQT7
9026,B09FQ91ZPJ
9027,B09FSN7499
9028,B09FSNJK81
9029,B09FW71FP7
9030,B09FW7LZZG
9031,B09FXV8QS9
9032,B09FY5Q9T7
9033,B09FY71H31
9034,B09FYWWVB8
9035,B09FZ4ZCW3
9036,B09FZMC5KK
9037,B09G2SFXSZ
9038,B09G3GD8Q7
9039,B09G3MBH6V
9040,B09G54V9KR
9041,B09G5PPLZY
9042,B09G789X3L
9043,B09G9F2GVB
9044,B09G9KFQ54
9045,B09G9STJF6
9046,B09GBG54BY
9047,B09GBPVD27
9048,B09GBSRYW2
9049,B09GBZV5PD
9050,B09GCQNJK1
9051,B09GF54G6M
9052,B09GFHXBHN
9053,B09GFWYCYH
9054,B09GJCZ13C
9055,B09GKRMQS3
9056,B09GKY96VP
9057,B09GL247NY
9058,B09GL3KGP6
9059,B09GLJWPS1
9060,B09GNLLS7B
9061,B09GQJ1RR7
9062,B09GQP8HRV
9063,B09GQRLT1R
9064,B09GSDLRV5
9065,B09GV9NPFJ
9066,B09GWTPHCN
9067,B09GZMLFH4
9068,B09H1PLZ7S
9069,B09H1YMXXH
9070,B09H23TPRY
9071,B09H2M32G8
9072,B09H2MZ32B
9073,B09H2VTJM1
9074,B09H2Y1M8K
9075,B09H3CTS95
9076,B09H3KKV3J
9077,B09H3XZYY6
9078,B09H3Z97CY
9079,B09H6H8B51
9080,B09H83QHPC
9081,B09H9DVR88
9082,B09H9HN84J
9083,B09H9X2NCH
9084,B09H9X6NHB
9085,B09H9X835X
9086,B09HB221WR
9087,B09HB2654B
9088,B09HB29MBK
9089,B09HB2FZVT
9090,B09HB2GMNK
9091,B09HB3QVSN
9092,B09HB4285B
9093,B09HB4GY5Y
9094,B09HB53LC3
9095,B09HB5GXRW
9096,B09HB63X2R
9097,B09HBWK6P2
9098,B09HC73DCR
9099,B09HC942SC
9100,B09HCFHR8C
9101,B09HCXNVF1
9102,B09HHBBGQ7
9103,B09HHCN1NC
9104,B09HHH1HTY
9105,B09HJ4LVWP
9106,B09HJ6V43W
9107,B09HJVP442
9108,B09HJXTY28
9109,B09HL19Q8V
9110,B09HLCMJZQ
9111,B09HLD1C4F
9112,B09HLGPB3D
9113,B09HMBTBSF
9114,B09HP3W4XL
9115,B09HP73MZJ
9116,B09HPR7G2R
9117,B09HRD9X5P
9118,B09HRKD9F7
9119,B09HSKW1M8
9120,B09HTDX8J8
9121,B09HTLWLWM
9122,B09HTM917T
9123,B09HTPMYPJ
9124,B09HWLYWYJ
9125,B09HWSBRL9
9126,B09HXLBQHN
9127,B09HXZ2539
9128,B09HY5BV1F
9129,B09HYDDCS2
9130,B09HYXN1MP
9131,B09J1YT2NK
9132,B09J1ZFVL5
9133,B09J21J44X
9134,B09J49WZXQ
9135,B09J4WW1F4
9136,B09J69K6Q5
9137,B09J6X4ZQ7
9138,B09J74RPGH
9139,B09J7LNVX9
9140,B09J8ZFZ48
9141,B09J9KK1QX
9142,B09J9LXL99
9143,B09JB72V5S
9144,B09JBJ4B7M
9145,B09JBZWQJZ
9146,B09JC4RSGG
9147,B09JCB13GP
9148,B09JF83P1H
9149,B09JFMVQ7N
9150,B09JFXCV93
9151,B09JGM3KYY
9152,B09JH82GSF
9153,B09JJBVVML
9154,B09JJDW48N
9155,B09JJHXSKK
9156,B09JJVS3CK
9157,B09JKYBVJD
9158,B09JL6VJW6
9159,B09JLGDWBN
9160,B09JMYWY63
9161,B09JMZNXVK
9162,B09JN3R3TZ
9163,B09JNK59QM
9164,B09JNX8NNX
9165,B09JP5SGHF
9166,B09JQLTLG3
9167,B09JQMJHXY
9168,B09JQMYXRD
9169,B09JRK45PZ
9170,B09JRKQQ54
9171,B09JRSVMP2
9172,B09JRV9PP4
9173,B09JS797S7
9174,B09JSJNMNT
9175,B09JSLH3H1
9176,B09JSWGZQB
9177,B09JSY31MH
9178,B09JSYH7FV
9179,B09JT3DL3Q
9180,B09JT4GW8W
9181,B09JT4SSBZ
9182,B09JTDK8RQ
9183,B09JTGRGC6
9184,B09JTHRGVP
9185,B09JTJM2QF
9186,B09JYJY98S
9187,B09JYQWZ7V
9188,B09JZH9D49
9189,B09JZV1BFR
9190,B09JZWSWHL
9191,B09K115N4X
9192,B09K14GHHD
9193,B09K1HHQN9
9194,B09K2JQPJ3
9195,B09K3HF931
9196,B09K3HVH39
9197,B09K41V5FP
9198,B09K461QNY
9199,B09K56ZHBC
9200,B09K5HJ48K
9201,B09K6DHBN4
9202,B09K7JMBYK
9203,B09K89GWXQ
9204,B09K8CBWBG
9205,B09K8T2SBQ
9206,B09KCZT4BW
9207,B09KD3N8Y4
9208,B09KFYG5G6
9209,B09KFYKTRM
9210,B09KGXR4HF
9211,B09KK7N1H6
9212,B09KKBLNVD
9213,B09KKN4T3N
9214,B09KL53HLY
9215,B09KLFJX1Q
9216,B09KM1TZKL
9217,B09KMFSDJ9
9218,B09KMGJ4FM
9219,B09KPBPCHP
9220,B09KPGNGD8
9221,B09KQC7Z4S
9222,B09KQLT875
9223,B09KR4KBPV
9224,B09KRCNK9R
9225,B09KV19HQ5
9226,B09KVYDKSC
9227,B09KX521ST
9228,B09KYYBH66
9229,B09KZ2GYBT
9230,B09KZH4PSY
9231,B09KZKKKHH
9232,B09KZP1ZBM
9233,B09L197H2X
9234,B09L4RKGKL
9235,B09L4RRNJ5
9236,B09L52XKBD
9237,B09L5H8BXJ
9238,B09L5QZ5FS
9239,B09L626MHB
9240,B09L6SLV6C
9241,B09L6XQF1C
9242,B09L7DP3J8
9243,B09L7YVTZ9
9244,B09L89GBTC
9245,B09LB4HQBQ
9246,B09LBWN7KN
9247,B09LCH5MZM
9248,B09LCRR2BG
9249,B09LCSFPCB
9250,B09LDBJXZJ
9251,B09LDBWVGJ
9252,B09LDCNWPV
9253,B09LH6SLHK
9254,B09LH8BBBK
9255,B09LHSXH5B
9256,B09LHZ235Y
9257,B09LJ92JQM
9258,B09LJDZZXN
9259,B09LM4X68F
9260,B09LM9DTDZ
9261,B09LM9LXJ1
9262,B09LMN4YXP
9263,B09LMNNPDL
9264,B09LPKCCLW
9265,B09LQ6T5WP
9266,B09LR1Z6F5
9267,B09LRCXFJ3
9268,B09LRGSKZJ
9269,B09LRLD1Z3
9270,B09LSJS48Q
9271,B09LTYRVHD
9272,B09LTYTBK1
9273,B09LWQTT78
9274,B09LYWCHJX
9275,B09LZ4M5SD
9276,B09M143HQP
9277,B09M1VYN6C
9278,B09M36MTJR
9279,B09M3BZYVP
9280,B09M3TZ3Q6
9281,B09M3YL7J8
9282,B09M5YT4HF
9283,B09M5YW77M
9284,B09M72GZ8H
9285,B09M77ZVPF
9286,B09M7P15SR
9287,B09M7TDZS4
9288,B09M821FKP
9289,B09M82LJXC
9290,B09M833P3K
9291,B09M85W9P8
9292,B09M86L3QB
9293,B09M8N7YML
9294,B09M93BVBY
9295,B09MBCMHSY
9296,B09MDSYG9B
9297,B09MF3HSKV
9298,B09MF547P4
9299,B09MF5PS9P
9300,B09MFB8HCS
9301,B09MGJD7Y8
9302,B09MGR13MK
9303,B09MGSC74H
9304,B09MH11HB7
9305,B09MJ3BLBV
9306,B09MJRFLM2
9307,B09MK3FTZJ
9308,B09MK5D6JH
9309,B09MKVBBWX
9310,B09MLJLCZW
9311,B09MLZ22PZ
9312,B09MM3L3GP
9313,B09MMWM2Y8
9314,B09MN4GBW8
9315,B09MN4KW9C
9316,B09MNDCQ3X
9317,B09MPKCQGT
9318,B09MQ3FCML
9319,B09MRKZQ3Q
9320,B09MRYPJW5
9321,B09MS62SQL
9322,B09MS6J54M
9323,B09MSYTXVB
9324,B09MTBLJDH
9325,B09MTSLT2T
9326,B09MVTTYKZ
9327,B09MWMZLTB
9328,B09MX18D31
9329,B09MX1ZKJX
9330,B09MXK9DHH
9331,B09MXK9FWF
9332,B09MZ1CRSQ
9333,B09MZ4G3V8
9334,B09N11R9KW
9335,B09N42GVF7
9336,B09N44WL4X
9337,B09N4B5QP1
9338,B09N5LVWH7
9339,B09N63NYDW
9340,B09N68VYY5
9341,B09N78Z848
9342,B09N7SXX1X
9343,B09N9YZ9Y1
9344,B09NBSBMP9
9345,B09NBVTMXC
9346,B09NC2J9Y6
9347,B09NDF4C52
9348,B09NDS6WNL
9349,B09NF21SB1
9350,B09NG3JJWH
9351,B09NGXCSD1
9352,B09NGZZNFJ
9353,B09NH12P6Z
9354,B09NH31RY5
9355,B09NH4KF99
9356,B09NH9D7D2
9357,B09NH9YRS3
9358,B09NHL17MB
9359,B09NJMW3N8
9360,B09NJV5VT5
9361,B09NKSDNN3
9362,B09NLKB6RX
9363,B09NM6TXRN
9364,B09NMD3PDX
9365,B09NMSHVNR
9366,B09NNHSY49
9367,B09NP597PZ
9368,B09NP5QZKQ
9369,B09NP5R1TF
9370,B09NQ37MSW
9371,B09NQ9JJN1
9372,B09NQNNY7R
9373,B09NQW2BBC
9374,B09NQWXSZ7
9375,B09NRLDDW1
9376,B09NRSKW3B
9377,B09NT5S3CL
9378,B09NWGVKZ3
9379,B09NY3W9GQ
9380,B09NY55Y4Y
9381,B09NY8VQV5
9382,B09NYM7P5Q
9383,B09NZ9F6B2
9384,B09P113J3D
9385,B09P12JKMJ
9386,B09P1MZ6KG
9387,B09P29VXG1
9388,B09P2C6XW5
9389,B09P3R3PJW
9390,B09P4FVYK9
9391,B09P4K2XVP
9392,B09P4KJSTQ
9393,B09P4NGVWB
9394,B09P4Q7JK4
9395,B09P4WX4VS
9396,B09P4ZSNQ8
9397,B09P51VL9Z
9398,B09P5HMNDF
9399,B09P6YX59X
9400,B09PB85B9K
9401,B09PF6YZPH
9402,B09PF762D6
9403,B09PF7GMYP
9404,B09PG25PZ2
9405,B09PGZLGVL
9406,B09PHCM272
9407,B09PHPN4R1
9408,B09PK2LB1B
9409,B09PLX4LBY
9410,B09PNBS4VM
9411,B09PNT5V5Z
9412,B09PPWVQSB
9413,B09PQ95GY4
9414,B09PRC3WC5
9415,B09PRD4T26
9416,B09PV3S1GT
9417,B09PW3S1NH
9418,B09PX51MVL
9419,B09PY2KCZF
9420,B09PZG539X
9421,B09PZHCDTT
9422,B09PZQ8MNG
9423,B09PZQPJ24
9424,B09PZRBGMJ
9425,B09PZRS3M3
9426,B09Q1261L7
9427,B09Q19Z5FT
9428,B09Q1SCW2C
9429,B09Q33CN4J
9430,B09Q3NR84W
9431,B09Q7JDCGN
9432,B09Q7Q2WZ1
9433,B09Q7Y8T6W
9434,B09Q7YPZPJ
9435,B09Q8J51BB
9436,B09Q8LRGBT
9437,B09Q8TMG4V
9438,B09Q94KFJQ
9439,B09Q96FQCK
9440,B09QBX8Q5X
9441,B09QG3SS6Y
9442,B09QG5VDLR
9443,B09QGB4DV5
9444,B09QGQMZNR
9445,B09QHM1K1K
9446,B09QJ4Y12B
9447,B09QJDR8YS
9448,B09QKVFGTR
9449,B09QMS48Q7
9450,B09QMVWM1F
9451,B09QNPRXMY
9452,B09QNQP8CK
9453,B09QPFKTBK
9454,B09QPH4M7F
9455,B09QQ11PDP
9456,B09QQP7JSJ
9457,B09QRM63K9
9458,B09QRMKVWH
9459,B09QRPYTXR
9460,B09QRQ47P5
9461,B09QSB693Z
9462,B09QSQHN3R
9463,B09QWYLHDV
9464,B09QX2TG87
9465,B09QX8VJ1H
9466,B09QXW1T37
9467,B09QY1BNWW
9468,B09QYBS8VK
9469,B09QYDZ8XC
9470,B09QZHFRC3
9471,B09QZM559Z
9472,B09R1Y548X
9473,B09R298Z8R
9474,B09R3KG38M
9475,B09R3ZDWKJ
9476,B09R4C84NX
9477,B09R4RN51N
9478,B09R4S1ZTX
9479,B09R4WLB8Z
9480,B09R4YBVXH
9481,B09R6KZ9B2
9482,B09R6X8FNK
9483,B09R8FMYL3
9484,B09RB65T55
9485,B09RBBB9FF
9486,B09RBD5NBH
9487,B09RCQFWWV
9488,B09RD36X6L
9489,B09RG4C1J3
9490,B09RG4FFN9
9491,B09RG5RRHL
9492,B09RG68ZHQ
9493,B09RG69MRS
9494,B09RG7FVJC
9495,B09RG7X1YY
9496,B09RGC1XNR
9497,B09RGJ86V3
9498,B09RGL3Q3M
9499,B09RGL3Q4B
9500,B09RH3B1YG
9501,B09RHTJBR5
9502,B09RHY1JRD
9503,B09RK3D77S
9504,B09RL7NM59
9505,B09RM51Y2J
9506,B09RMQ1G82
9507,B09RNB69M1
9508,B09RPW97RQ
9509,B09RQK9QS8
9510,B09RQXWYDY
9511,B09RQZ48YT
9512,B09RS2KZK4
9513,B09RS752QG
9514,B09RSLYK5B
9515,B09RXJHHX7
9516,B09RYNRGWQ
9517,B09RZCJYLJ
9518,B09RZDNN93
9519,B09RZH2NDQ
9520,B09RZYG6JD
9521,B09S11Q9FJ
9522,B09S1DRJV6
9523,B09S1F7N8C
9524,B09S1FBN55
9525,B09S1FJ49C
9526,B09S1FMY5X
9527,B09S1FMYGB
9528,B09S1FPFVS
9529,B09S1FQ8G1
9530,B09S1GVFJQ
9531,B09S1GZRTP
9532,B09S1H1KN3
9533,B09S1H1KQ5
9534,B09S1JJWK4
9535,B09S36DGD8
9536,B09S4RM3X6
9537,B09S56Q6MD
9538,B09S6LQVSZ
9539,B09S6QPQFS
9540,B09S6VJX5F
9541,B09S6ZWPS5
9542,B09S78H68V
9543,B09S8BRQWD
9544,B09SBJ38J7
9545,B09SBP9P92
9546,B09SBTW5PK
9547,B09SC4W3TB
9548,B09SDWF3RK
9549,B09SF1267L
9550,B09SF7C7V8
9551,B09SFXWW5M
9552,B09SGJJZ38
9553,B09SGK6Q9Q
9554,B09SGTGDG1
9555,B09SGZCHLV
9556,B09SHBTYHQ
9557,B09SHLTSG7
9558,B09SHQ1YKL
9559,B09SHZWKR3
9560,B09SJ2WP3T
9561,B09SJ5RXCX
9562,B09SJ9192T
9563,B09SJ92HFH
9564,B09SJLDX9G
9565,B09SLJ7G5T
9566,B09SLSBNGD
9567,B09SLXRDC8
9568,B09SM7NC9J
9569,B09SMDLX53
9570,B09SMNKMFH
9571,B09SN7TZ99
9572,B09SP8MYQ5
9573,B09SP8XBBC
9574,B09SQL9G24
9575,B09SQLCBZF
9576,B09SRDMRT2
9577,B09SWWCN6Q
9578,B09SXP5VB5
9579,B09SYLZ1JG
9580,B09T1KWVP5
9581,B09T1NFSLF
9582,B09T2VVSQB
9583,B09T2X5YCL
9584,B09T322Z3F
9585,B09T3GMBSN
9586,B09T5M5JNP
9587,B09T6VR4CT
9588,B09T7BQQG2
9589,B09T7GC6PX
9590,B09T7LH5G7
9591,B09T7N7SM3
9592,B09TB1MYCZ
9593,B09TC1K4GY
9594,B09TC8NL9Q
9595,B09TFWTVLK
9596,B09TG2CQRC
9597,B09TG3N6LJ
9598,B09TGJGSQD
9599,B09TL81KCV
9600,B09TMQ2HFH
9601,B09TNBGX9L
9602,B09TNRK54S
9603,B09TP8R63Z
9604,B09TPYR4F3
9605,B09TQ2B76Z
9606,B09TQ83BSP
9607,B09TQNKZ4W
9608,B09TR3DQ8R
9609,B09TS8ZL94
9610,B09TTRRZRC
9611,B09TVRWNLX
9612,B09TW9L1L3
9613,B09TWVB2TH
9614,B09TWYBW14
9615,B09TX5LDBJ
9616,B09TX9G9WY
9617,B09V18ZM88
9618,B09V1FT19S
9619,B09V28P31X
9620,B09V36QXT6
9621,B09V3W5XFY
9622,B09V49586X
9623,B09V54NNSC
9624,B09V5RPBTL
9625,B09V6Q26GD
9626,B09V7JLCWK
9627,B09V7M8HMK
9628,B09V8621WJ
9629,B09V8XS6YT
9630,B09VDNQH8B
9631,B09VFL6V4F
9632,B09VGXQK4X
9633,B09VL5HF88
9634,B09VM9GJP4
9635,B09VNBKHW6
9636,B09VPLDLXK
9637,B09VQ65D4X
9638,B09VQDJGG4
9639,B09VQSSNXD
9640,B09VRBNWPF
9641,B09VS4V18K
9642,B09VSXQ5DT
9643,B09VT9FS8M
9644,B09VTHHT1F
9645,B09VVQK1ZT
9646,B09VWGH7LY
9647,B09VXPXXDC
9648,B09VXXSTYX
9649,B09VY444Y6
9650,B09VYMTDF9
9651,B09W21CRYS
9652,B09W2Z3RT1
9653,B09W4LLK98
9654,B09W4XDQ9Q
9655,B09W786S75
9656,B09W8FNNZ3
9657,B09W8GJDVT
9658,B09W8HMHJD
9659,B09W8NL3SL
9660,B09W8XQYDX
9661,B09W9HM13F
9662,B09WB2517D
9663,B09WB2NJTF
9664,B09WC5PLB5
9665,B09WDKJH1C
9666,B09WDS7KLW
9667,B09WF1TX1B
9668,B09WF66Q8Q
9669,B09WHDX5XP
9670,B09WHLML9M
9671,B09WHPJZD3
9672,B09WJJGP6J
9673,B09WJJSRFC
9674,B09WKBRL8Y
9675,B09WKF4TZ4
9676,B09WKJQKGJ
9677,B09WLDFF2T
9678,B09WMQZ6BV
9679,B09WN1YZVC
9680,B09WNFYVB9
9681,B09WNN4KB9
9682,B09WP91RY9
9683,B09WPPJHSS
9684,B09WPX3T9K
9685,B09WQBT9C3
9686,B09WR3VDZ7
9687,B09WR9PH69
9688,B09WRF4Y6G
9689,B09WRQ7HDL
9690,B09WT4TM7P
9691,B09WTY19L9
9692,B09WVRFMCX
9693,B09WW18S3X
9694,B09WW76GK9
9695,B09WWB9BBY
9696,B09WWG19YS
9697,B09WX2D472
9698,B09WX7VJR7
9699,B09WXF58C8
9700,B09WXYSYYK
9701,B09WZW29WC
9702,B09WZZ9RDX
9703,B09X229JGB
9704,B09X2J3LGX
9705,B09X3DVWVS
9706,B09X3RF4V4
9707,B09X62P5X4
9708,B09X7S3FHH
9709,B09XBT6DS9
9710,B09XBWZB8N
9711,B09XBY4P2H
9712,B09XCVNTD7
9713,B09XD9K8JW
9714,B09XDSZ6C1
9715,B09XDSZF5D
9716,B09XDX88DD
9717,B09XF8VG3V
9718,B09XHLZMDJ
9719,B09XJQJZ98
9720,B09XJRGQL6
9721,B09XK17BN5
9722,B09XK1CZYZ
9723,B09XM2Z7LL
9724,B09XMLKZK3
9725,B09XMVSBWJ
9726,B09XRFNJY8
9727,B09XSM647W
9728,B09XT95G8W
9729,B09XTBS9C2
9730,B09XTSPWFM
9731,B09XVQH9V4
9732,B09XVYB82C
9733,B09XVYDKKK
9734,B09XVZ9YPG
9735,B09XVZZN22
9736,B09XW12MRQ
9737,B09XW2JM5B
9738,B09XWXHRJP
9739,B09XWYG6X1
9740,B09XX5MRD2
9741,B09XXF3J7D
9742,B09XXF76JH
9743,B09XYMSZLL
9744,B09XZXHXVH
9745,B09Y1PSVTB
9746,B09Y1SWV85
9747,B09Y27TPF3
9748,B09Y2SCDB2
9749,B09Y2SCJPD
9750,B09Y2XK5T4
9751,B09Y2XP758
9752,B09Y2Y8CQF
9753,B09Y2ZY9QH
9754,B09Y3H915M
9755,B09Y3SKWM4
9756,B09Y54MQWT
9757,B09Y5PWHZM
9758,B09Y668R5D
9759,B09Y6ZW9W6
9760,B09Y89DRDG
9761,B09Y8BN57L
9762,B09Y8PFMZV
9763,B09Y8SH48J
9764,B09Y92C48S
9765,B09Y986Q2K
9766,B09Y9GDD5S
9767,B09Y9LL7L4
9768,B09Y9NRH9X
9769,B09YBF2757
9770,B09YCG8XX2
9771,B09YDC1P7C
9772,B09YDGC5GW
9773,B09YDHLYRL
9774,B09YDQCSB5
9775,B09YDTKQG4
9776,B09YG6FRZP
9777,B09YGYC783
9778,B09YH2K3FL
9779,B09YHZ77CK
9780,B09YJXSPPW
9781,B09YKZ32NC
9782,B09YL2DK9S
9783,B09YL2DLR2
9784,B09YLBHWSS
9785,B09YLC4WLD
9786,B09YLJKBWQ
9787,B09YLQS31X
9788,B09YLTP1KV
9789,B09YLZXLWN
9790,B09YM185S3
9791,B09YMJGS5M
9792,B09YMTNFY8
9793,B09YNN1K17
9794,B09YNYQFTG
9795,B09YQ29M8V
9796,B09YQGRG1Q
9797,B09YQXGDQ3
9798,B09YRNBFDQ
9799,B09YTK5TY5
9800,B09YTR9LQ8
9801,B09YVQ8RZ9
9802,B09YXGQN5T
9803,B09YXNFG22
9804,B09YYX736L
9805,B09YZ55KNV
9806,B09YZ931H2
9807,B09YZ952RY
9808,B09YZKVHKG
9809,B09Z2TFKPN
9810,B09Z3BM734
9811,B09Z7LS5MD
9812,B09Z7XF887
9813,B09Z8KR5DY
9814,B09Z8QY5FB
9815,B09Z8VGZMW
9816,B09Z94NS9W
9817,B09Z957SBD
9818,B09Z9DXDL2
9819,B09Z9WG6FB
9820,B09ZBJKPX1
9821,B09ZBKPXBT
9822,B09ZCL9FB4
9823,B09ZCXCBTW
9824,B09ZDH3MFX
9825,B09ZDH5N6V
9826,B09ZDZ85BG
9827,B09ZF4LT72
9828,B09ZFFTT7W
9829,B09ZG2LT2F
9830,B09ZG611M5
9831,B09ZGMKVVK
9832,B09ZGTD5DS
9833,B09ZKG9Y1L
9834,B09ZKN1KVG
9835,B09ZKP5VSD
9836,B09ZKPX4J3
9837,B09ZL9LQ9L
9838,B09ZLL36JF
9839,B09ZLMFPPM
9840,B09ZMLX5DB
9841,B09ZMQWGCG
9842,B09ZMVT81C
9843,B09ZNH1KY2
9844,B09ZNSCDYX
9845,B09ZPPYTCS
9846,B09ZPRSZN6
9847,B09ZPTWL1D
9848,B09ZQ4GHM8
9849,B09ZQ55RP4
9850,B09ZQBRV2R
9851,B09ZQM2KC3
9852,B09ZR797R2
9853,B09ZXZC3ZG
9854,B09ZXZJ2GT
9855,B0B11447RC
9856,B0B11GNM6K
9857,B0B1273LGH
9858,B0B12H6B73
9859,B0B12PXQYM
9860,B0B12XGTY7
9861,B0B13Q98G6
9862,B0B13Z1XM7
9863,B0B146JQ73
9864,B0B14Z3LSR
9865,B0B15KVM72
9866,B0B169XMRR
9867,B0B177VXS8
9868,B0B185SGXG
9869,B0B18GH4T6
9870,B0B18T2W9C
9871,B0B192XWBV
9872,B0B1DLFXPD
9873,B0B1FNP19X
9874,B0B1HJ23M3
9875,B0B1HR8JSR
9876,B0B1HTY34V
9877,B0B1J975YR
9878,B0B1JMQDG7
9879,B0B1LPDYB5
9880,B0B1N7K6ND
9881,B0B1PB5CMJ
9882,B0B1PN3J1C
9883,B0B1PWLVKK
9884,B0B1Q4VCL6
9885,B0B1QJG72F
9886,B0B1QQ35F4
9887,B0B1QRNR8G
9888,B0B1S5LBRQ
9889,B0B1SCFDHZ
9890,B0B1SCRLRG
9891,B0B1STPFF6
9892,B0B1SWPFZS
9893,B0B1TCPH54
9894,B0B1TJY78D
9895,B0B1TXQSBV
9896,B0B1VFXSRN
9897,B0B1Y2MYHZ
9898,B0B1Y555Y6
9899,B0B1Y93NPP
9900,B0B1YBHS7T
9901,B0B1YQ5B9C
9902,B0B216368K
9903,B0B21C8Y11
9904,B0B231V5WV
9905,B0B23BMCVF
9906,B0B23FNYWW
9907,B0B23LHZGK
9908,B0B23LRBRP
9909,B0B23N7MBW
9910,B0B23VC2WF
9911,B0B24PQH6V
9912,B0B24W73QH
9913,B0B252TCWB
9914,B0B25SZ4RX
9915,B0B285L64J
9916,B0B28GXPRR
9917,B0B28JZGHB
9918,B0B28MM5KV
9919,B0B2989RWC
9920,B0B299XX2N
9921,B0B29K5GVW
9922,B0B29KVJS4
9923,B0B2BQKHNP
9924,B0B2CMJ8TQ
9925,B0B2CQW4MK
9926,B0B2CRMWBP
9927,B0B2DD1SC2
9928,B0B2DDKBSM
9929,B0B2DJ8Y1R
9930,B0B2DX3SNN
9931,B0B2FGXY5H
9932,B0B2FW2G3W
9933,B0B2HCMN6Y
9934,B0B2HS4LC8
9935,B0B2JJ45Q5
9936,B0B2JX4HMV
9937,B0B2JYYR6C
9938,B0B2K1C5TG
9939,B0B2K24RQT
9940,B0B2KGXLM9
9941,B0B2KHS3ZZ
9942,B0B2L2H1XC
9943,B0B2LMCJRL
9944,B0B2M33QBM
9945,B0B2MTJHQW
9946,B0B2MYKM9G
9947,B0B2N1G19W
9948,B0B2NJPQ2B
9949,B0B2RFBY9Z
9950,B0B2TJTHKK
9951,B0B2TM98TD
9952,B0B2V9KS41
9953,B0B2VDVB92
9954,B0B2VTTH6V
9955,B0B2W96FLR
9956,B0B2WFN97W
9957,B0B2WN8222
9958,B0B2WRPX2P
9959,B0B2WV8522
9960,B0B2X5VN8Q
9961,B0B2Y5WYRG
9962,B0B31GQX5M
9963,B0B31S1BF5
9964,B0B339DYGG
9965,B0B34MH1KT
9966,B0B358FC2W
9967,B0B35BGQ55
9968,B0B35C52GH
9969,B0B35GXT9F
9970,B0B35JDFPL
9971,B0B36TX1Z8
9972,B0B37TV4WJ
9973,B0B396W1VS
9974,B0B3BGW87S
9975,B0B3CL5JW7
9976,B0B3D2KYNS
9977,B0B3HR2F7H
9978,B0B3JDCJ6Q
9979,B0B3JQ1HMZ
9980,B0B3JVPY1K
9981,B0B3M1YD9M
9982,B0B3MFMY8Q
9983,B0B3N4KFY3
9984,B0B3NJ75BX
9985,B0B3PCLFWR
9986,B0B3PSH1VX
9987,B0B3RVRQKG
9988,B0B3T4JWN9
9989,B0B3V5W4RC
9990,B0B3VKD9YF
9991,B0B3XKZR69
9992,B0B3XNHD7Y
9993,B0B3XY9SCS
9994,B0B3YRCQWW
9995,B0B3ZWCB7T
9996,B0B421B823
9997,B0B42NYTZZ
9998,B0B4328VC9
9999,B0B454593W
10000,B0B459H8HN
10001,B0B45RQVN3
10002,B0B4682QQQ
10003,B0B46RKNKV
10004,B0B4784PXV
10005,B0B496582G
10006,B0B4B2927G
10007,B0B4B6DMSD
10008,B0B4BB1R6L
10009,B0B4BG31GK
10010,B0B4BMHPJ2
10011,B0B4DCFYF9
10012,B0B4DFWFS6
10013,B0B4DX4QRK
10014,B0B4F6K6Q6
10015,B0B4F7NLLV
10016,B0B4F89LH4
10017,B0B4F9P3TM
10018,B0B4FCH6WH
10019,B0B4FG8MMZ
10020,B0B4FJ4G3J
10021,B0B4FPB2ZK
10022,B0B4GK7GNQ
10023,B0B4GK8FBL
10024,B0B4GZRCF7
10025,B0B4J41J7V
10026,B0B4JSVZJS
10027,B0B4LP6R8L
10028,B0B4NCQ3XF
10029,B0B4NQCG33
10030,B0B4PJQHZS
10031,B0B4PPLYM5
10032,B0B4QS4F25
10033,B0B4RZW56L
10034,B0B4SJ9947
10035,B0B4SM9L7S
10036,B0B4SWZTZ1
10037,B0B4V3TX4T
10038,B0B4V9KN7K
10039,B0B4W8Y4CQ
10040,B0B4WDGPQ4
10041,B0B4WQRYK4
10042,B0B4X144PD
10043,B0B4X7VTVS
10044,B0B4YJHFGS
10045,B0B5153M52
10046,B0B5235P58
10047,B0B526GXKG
10048,B0B52CD8NR
10049,B0B52QBLS9
10050,B0B53DWRVW
10051,B0B53Y3P8J
10052,B0B53ZFN8B
10053,B0B55CBBCS
10054,B0B56SFKZ8
10055,B0B58881SG
10056,B0B589WN4G
10057,B0B58D41QD
10058,B0B58KH1ZL
10059,B0B58XNL52
10060,B0B59D5468
10061,B0B59QBY9G
10062,B0B59VC6D8
10063,B0B59VWH1T
10064,B0B5CR6MJ2
10065,B0B5FKLMP2
10066,B0B5FSSK8Y
10067,B0B5FV2J3S
10068,B0B5FZNZN7
10069,B0B5H17VZC
10070,B0B5HGCJR5
10071,B0B5HQ16VX
10072,B0B5HVBK4L
10073,B0B5J7MLTS
10074,B0B5JJCPKF
10075,B0B5JSBZ1J
10076,B0B5LR4T8M
10077,B0B5LXRBMF
10078,B0B5M1W324
10079,B0B5M1W7CC
10080,B0B5N5H778
10081,B0B5S24VNN
10082,B0B5VR9114
10083,B0B5XD59PH
10084,B0B5XGMFJB
10085,B0B5XXLV5Z
10086,B0B5Y3SYQV
10087,B0B5YB87T8
10088,B0B5ZS8C19
10089,B0B611LTHY
10090,B0B62FJF1J
10091,B0B62KK9J7
10092,B0B62NG1V7
10093,B0B636J9N2
10094,B0B63MV3DH
10095,B0B64GT48M
10096,B0B64W96HW
10097,B0B65275R7
10098,B0B65G444N
10099,B0B66F27P4
10100,B0B66LNSY4
10101,B0B69FYRP4
10102,B0B69Y528K
10103,B0B69Y79JB
10104,B0B69Z1L1T
10105,B0B6BQPL9V
10106,B0B6BX424S
10107,B0B6D4W3R7
10108,B0B6DPD19Z
10109,B0B6G1RD3C
10110,B0B6GF3LL1
10111,B0B6GLN38Y
10112,B0B6GYNFHY
10113,B0B6H44S6C
10114,B0B6HR2RKV
10115,B0B6J326J9
10116,B0B6JMYCXN
10117,B0B6JW3P9J
10118,B0B6L8QPY9
10119,B0B6MZC4HQ
10120,B0B6NPLY8P
10121,B0B6NV1155
10122,B0B6PNGZG1
10123,B0B6QDP3TL
10124,B0B6QHB66K
10125,B0B6QPBQZB
10126,B0B6QSZBT6
10127,B0B6QVY9VB
10128,B0B6R24ZJY
10129,B0B6R58PXS
10130,B0B6T1ZNHW
10131,B0B6T5ZWCM
10132,B0B6TPXW2C
10133,B0B6V9BXHR
10134,B0B6VTWMQW
10135,B0B6WY1FG2
10136,B0B712DFSL
10137,B0B71TSTQZ
10138,B0B72982G3
10139,B0B73S6FW2
10140,B0B73VB51Y
10141,B0B74LZBP2
10142,B0B7524FLS
10143,B0B76FGFSH
10144,B0B76H6FQS
10145,B0B7711G1R
10146,B0B77JK5D9
10147,B0B77NXQW7
10148,B0B77TWXGY
10149,B0B77VVR7S
10150,B0B77ZTX1K
10151,B0B785BJGZ
10152,B0B787CN26
10153,B0B78JQ878
10154,B0B797SJXQ
10155,B0B79D1NQ6
10156,B0B79Z5MPV
10157,B0B7BFX6RG
10158,B0B7BWCBV1
10159,B0B7BWSCMH
10160,B0B7CZQ2N3
10161,B0B7DQTZ7D
10162,B0B7DR1H2Y
10163,B0B7F2GWDS
10164,B0B7FJXP3M
10165,B0B7FMRH5W
10166,B0B7FN67QT
10167,B0B7GB8BNC
10168,B0B7HKL666
10169,B0B7HTGNQK
10170,B0B7HY6PYY
10171,B0B7JB2WX7
10172,B0B7JYBD4L
10173,B0B7K56T8R
10174,B0B7KN5M8L
10175,B0B7L3JMP4
10176,B0B7LBZXLV
10177,B0B7LSV4BM
10178,B0B7N52HRR
10179,B0B7N8S4T5
10180,B0B7N9R4MC
10181,B0B7P72DX5
10182,B0B7Q6ZQMN
10183,B0B7RP2YCP
10184,B0B7VV5XMP
10185,B0B7WN6WF4
10186,B0B7X9YLJX
10187,B0B7Z96WFM
10188,B0B81D6RH2
10189,B0B832ZHTF
10190,B0B83B9JNJ
10191,B0B84XMBTM
10192,B0B85CVRVD
10193,B0B85LJFZQ
10194,B0B85SYS94
10195,B0B85WQB9M
10196,B0B865YWDW
10197,B0B86Z99SL
10198,B0B87T8DMM
10199,B0B883BBQM
10200,B0B89ZCZ16
10201,B0B8D32RMC
10202,B0B8D8NTW5
10203,B0B8DDXRWR
10204,B0B8DQ1P3C
10205,B0B8FNDL8L
10206,B0B8GGV148
10207,B0B8GXBY8T
10208,B0B8GXFPS9
10209,B0B8HBFQHC
10210,B0B8HFDJFL
10211,B0B8KY3Z6Z
10212,B0B8LSSZVM
10213,B0B8M1GHGN
10214,B0B8M3BGJ3
10215,B0B8M6P186
10216,B0B8M89MMQ
10217,B0B8MXC3YD
10218,B0B8P4SQSJ
10219,B0B8PG1JBC
10220,B0B8PH3177
10221,B0B8QZKXYM
10222,B0B8R5CDKM
10223,B0B8RWQ2CB
10224,B0B8SP1FB7
10225,B0B8SRL1P3
10226,B0B8SX1HWN
10227,B0B8T8QWQ7
10228,B0B8T9RF31
10229,B0B8W72ZG6
10230,B0B8YVVFNT
10231,B0B933F7G2
10232,B0B94JFGGN
10233,B0B94NMPWT
10234,B0B94Q8H5Z
10235,B0B9689C2T
10236,B0B97W21WN
10237,B0B9839L78
10238,B0B996H47P
10239,B0B99HN3CR
10240,B0B99JX8HY
10241,B0B9B5V1FN
10242,B0B9B8FGGT
10243,B0B9BCWN9Y
10244,B0B9BK7PQN
10245,B0B9FQG736
10246,B0B9FSTJXT
10247,B0B9FSW8HT
10248,B0B9HF8KDV
10249,B0B9HSRLNF
10250,B0B9HV797B
10251,B0B9HYYT23
10252,B0B9HZHGMG
10253,B0B9HZM4KG
10254,B0B9J2JWSX
10255,B0B9J6BVDT
10256,B0B9K8RJW6
10257,B0B9LXRTG8
10258,B0B9M2GXMT
10259,B0B9N9CYQM
10260,B0B9QYY3S7
10261,B0B9RPMGXS
10262,B0B9S7TTCZ
10263,B0B9SXHRFZ
10264,B0B9T8JKPD
10265,B0B9TWC5KW
10266,B0B9WXXXCF
10267,B0B9Y8MZ9N
10268,B0B9YTLQHH
10269,B0BB1KK8NB
10270,B0BB1LWCJC
10271,B0BB1V1WQF
10272,B0BB25FFSP
10273,B0BB2PWH72
10274,B0BB3DY7FT
10275,B0BB3QP2FT
10276,B0BB56159J
10277,B0BB5M292S
10278,B0BB6BF1ZC
10279,B0BB6R89VF
10280,B0BB6RBYJ6
10281,B0BB6SJHB5
10282,B0BB6TYK7V
10283,B0BB6VSW1H
10284,B0BB6XM417
10285,B0BB6Y2WVQ
10286,B0BB6Y4MDG
10287,B0BB6Y5N3M
10288,B0BB6Z256Q
10289,B0BB6Z4WNK
10290,B0BB8W5PWM
10291,B0BBB6452B
10292,B0BBBKFXZR
10293,B0BBDQRTWY
10294,B0BBF1LK5R
10295,B0BBJH239Y
10296,B0BBJKMKPY
10297,B0BBJZXW7H
10298,B0BBKJGL6L
10299,B0BBKMDG7D
10300,B0BBKZMPN2
10301,B0BBL7BWYB
10302,B0BBM4J4KG
10303,B0BBMLD8QT
10304,B0BBMN8HMM
10305,B0BBMTCC7H
10306,B0BBMVWQ58
10307,B0BBNNXCH8
10308,B0BBPWSZ5F
10309,B0BBQ19HFH
10310,B0BBQ821VP
10311,B0BBQWT4JW
10312,B0BBR3YMWF
10313,B0BBR71NCL
10314,B0BBSJ4Y9C
10315,B0BBSKWTRG
10316,B0BBSPHBLN
10317,B0BBTBC348
10318,B0BBTTMM1M
10319,B0BBVGXKXZ
10320,B0BBW6Q9VD
10321,B0BBXYZ8N8
10322,B0BBY5TGTM
10323,B0BBZL9QTS
10324,B0BC14NKS2
10325,B0BC1FM13M
10326,B0BC23WBXX
10327,B0BC26S3XP
10328,B0BC2MMTMH
10329,B0BC2WSGLW
10330,B0BC4N96JL
10331,B0BC57JMVH
10332,B0BC6DHFPF
10333,B0BC83H1FL
10334,B0BC8CL92P
10335,B0BC8N8NHF
10336,B0BC8Q3CQ9
10337,B0BC8R6FMV
10338,B0BC9RGJJW
10339,B0BC9T7VNY
10340,B0BCB15QC8
10341,B0BCBZM941
10342,B0BCF1BSXK
10343,B0BCFFR6TD
10344,B0BCFGHJYB
10345,B0BCH1MDKZ
10346,B0BCJCWR2D
10347,B0BCJHWQJN
10348,B0BCJKBSXK
10349,B0BCKT1DR7
10350,B0BCL354SY
10351,B0BCL366D9
10352,B0BCL798D9
10353,B0BCL7MNNY
10354,B0BCLYPDLW
10355,B0BCPC68J6
10356,B0BCQDDFDY
10357,B0BCQM7BRV
10358,B0BCQW5Q9D
10359,B0BCQXB8C8
10360,B0BCTG71RQ
10361,B0BCWL41ZL
10362,B0BCWWRF1L
10363,B0BCXYJ5ND
10364,B0BCZ175N8
10365,B0BD26NR17
10366,B0BD2TC51L
10367,B0BD47KKXK
10368,B0BD6RLN5H
10369,B0BD7FN8K9
10370,B0BD916914
10371,B0BD99CPHB
10372,B0BDBM43PG
10373,B0BDCJQ4FM
10374,B0BDCNC4JJ
10375,B0BDCTDH9V
10376,B0BDDPGF7N
10377,B0BDDXWX5T
10378,B0BDF1MVFM
10379,B0BDF4DVXC
10380,B0BDF98BNH
10381,B0BDFX1HPD
10382,B0BDFYHB4F
10383,B0BDH9GSQ4
10384,B0BDJ2L28L
10385,B0BDKBHGZ7
10386,B0BDKL72GW
10387,B0BDL15XLX
10388,B0BDNLPPY8
10389,B0BDPZDBQR
10390,B0BDSLCDXT
10391,B0BDSZ2KT3
10392,B0BDSZZNLV
10393,B0BDT4L4FJ
10394,B0BDWS2QDC
10395,B0BF46QK8M
10396,B0BF4FZNSF
10397,B0BF4HV95R
10398,B0BF59V2F7
10399,B0BF5FMYWN
10400,B0BF5Q5S5G
10401,B0BF73CTQF
10402,B0BF8B7NWM
10403,B0BF8NMBG9
10404,B0BF8RNX6L
10405,B0BF9QSLVP
10406,B0BFBMHMX6
10407,B0BFCBMG7S
10408,B0BFCLFKRG
10409,B0BFFDHZRJ
10410,B0BFGP4FSX
10411,B0BFJJCY9F
10412,B0BFJM7DDF
10413,B0BFK3JQRT
10414,B0BFKCDQRC
10415,B0BFKCLFCV
10416,B0BFLTX6JP
10417,B0BFM2GP2B
10418,B0BFM4362X
10419,B0BFM5TJ3N
10420,B0BFM64NH8
10421,B0BFMNFC4V
10422,B0BFMVBRCF
10423,B0BFS52PGF
10424,B0BFSR95J8
10425,B0BFTFK7VM
10426,B0BFV8LJV3
10427,B0BFVCB2YY
10428,B0BFVLMM5Y
10429,B0BFWPD9J4
10430,B0BFX2CTBM
10431,B0BFXC8R5J
10432,B0BFXMST99
10433,B0BFZNW1S9
10434,B0BFZR1FJ2
10435,B0BFZTD82G
10436,B0BFZWZBSL
10437,B0BG124L8K
10438,B0BG138L95
10439,B0BG18FLM5
10440,B0BG1CFB8X
10441,B0BG1WY882
10442,B0BG27Y7DY
10443,B0BG2FKY2C
10444,B0BG2XBBPR
10445,B0BG2XZYC2
10446,B0BG378GBT
10447,B0BG3DHNZ8
10448,B0BG3L9JKH
10449,B0BG3NHR91
10450,B0BG3R1167
10451,B0BG414Y9X
10452,B0BG4BVXPZ
10453,B0BG4JM9L7
10454,B0BG4PPK34
10455,B0BG51Q5R7
10456,B0BG59FG96
10457,B0BG6NNKLR
10458,B0BG6V9TGQ
10459,B0BG6VKYMY
10460,B0BG74SM4J
10461,B0BG75H724
10462,B0BG7KP5L4
10463,B0BG8F4L5R
10464,B0BG9BWQL7
10465,B0BG9GCSM4
10466,B0BGCDYQQY
10467,B0BGDQG1NB
10468,B0BGG9KXSB
10469,B0BGGR6K4M
10470,B0BGJ1XH1Z
10471,B0BGJKH216
10472,B0BGK3HGNC
10473,B0BGKR3ZKZ
10474,B0BGL3D84D
10475,B0BGLZXZQ6
10476,B0BGM59HCM
10477,B0BGMRMDYH
10478,B0BGN5KZQ6
10479,B0BGN6G6GR
10480,B0BGNBTY12
10481,B0BGNFY42C
10482,B0BGNG1294
10483,B0BGNK36T1
10484,B0BGNLQR7Z
10485,B0BGP7T3DP
10486,B0BGPJNJBH
10487,B0BGPJQB78
10488,B0BGPNBBMW
10489,B0BGQD8K3N
10490,B0BGQM64VV
10491,B0BGQMKMJV
10492,B0BGR6N8JN
10493,B0BGRJN617
10494,B0BGRQJ9BP
10495,B0BGS23YKX
10496,B0BGSFFN44
10497,B0BGV5H52Z
10498,B0BGV62RTS
10499,B0BGV85113
10500,B0BGVWR323
10501,B0BGXS26QL
10502,B0BGXT67RZ
10503,B0BGY28C4K
10504,B0BGYDHQHJ
10505,B0BGZ1BMDZ
10506,B0BGZ1MVLG
10507,B0BGZ3THS9
10508,B0BGZ536HJ
10509,B0BGZ8M2K9
10510,B0BH13L7N4
10511,B0BH149Q8P
10512,B0BH183Z3S
10513,B0BH1JN5TH
10514,B0BH226BZL
10515,B0BH2KK5TL
10516,B0BH2V76RZ
10517,B0BH4BWFZB
10518,B0BH4LX9K5
10519,B0BH4TBFCF
10520,B0BH55GQN1
10521,B0BH57NWFS
10522,B0BH5LNYKV
10523,B0BH6HBYXX
10524,B0BH6JS17S
10525,B0BH6M8L2Z
10526,B0BH6NHR8V
10527,B0BH6V8TTG
10528,B0BH6ZM8TN
10529,B0BH6ZNDWL
10530,B0BH7GG9SX
10531,B0BH7GY54V
10532,B0BH7HRYZV
10533,B0BH7HS1M2
10534,B0BH7NJLPQ
10535,B0BH7NJLSK
10536,B0BH992CQH
10537,B0BH9R6Z7J
10538,B0BHCMMLTF
10539,B0BHCQ9NMG
10540,B0BHFCSJV9
10541,B0BHFDZGVY
10542,B0BHFGL8H8
10543,B0BHFGNJLL
10544,B0BHFKSF85
10545,B0BHG2H3L6
10546,B0BHGDLWPT
10547,B0BHGPDLS2
10548,B0BHGRJDCK
10549,B0BHGVB8N6
10550,B0BHJFMHZ3
10551,B0BHJRY8J4
10552,B0BHJXCFXW
10553,B0BHKVVNTL
10554,B0BHMN1T7B
10555,B0BHMN39XP
10556,B0BHMVBV9M
10557,B0BHMVMQNJ
10558,B0BHNPZBLY
10559,B0BHNS4CTH
10560,B0BHNVDNL5
10561,B0BHNYKYJL
10562,B0BHP1V6GT
10563,B0BHP24XDX
10564,B0BHQN6DNZ
10565,B0BHSF5FBH
10566,B0BHSFPVK8
10567,B0BHSHTCK2
10568,B0BHSS319R
10569,B0BHST9B5G
10570,B0BHSTQJM2
10571,B0BHSYNRMV
10572,B0BHSZ37HS
10573,B0BHTS96ZL
10574,B0BHVDH5RH
10575,B0BHWGGZ57
10576,B0BHWQ3H17
10577,B0BHXK5G7P
10578,B0BHXNSG7S
10579,B0BHXY3ZW5
10580,B0BHYBC8NM
10581,B0BHYBPTFM
10582,B0BHYPR363
10583,B0BHZ1GDVT
10584,B0BJ13Q5JG
10585,B0BJ19PP8F
10586,B0BJ1JYXZM
10587,B0BJ1SLJH1
10588,B0BJ1YKY3R
10589,B0BJ239KS1
10590,B0BJ35Q4C1
10591,B0BJ38PV76
10592,B0BJ4VTSLC
10593,B0BJ517NSM
10594,B0BJ5NYWDT
10595,B0BJ5PBQQX
10596,B0BJ5WJY34
10597,B0BJ6QSGVN
10598,B0BJ7288DR
10599,B0BJ7QMYBF
10600,B0BJ8GYLJX
10601,B0BJ957SL1
10602,B0BJ9Q2VG2
10603,B0BJBC5CHF
10604,B0BJCD3VDM
10605,B0BJCGT426
10606,B0BJD5994C
10607,B0BJF8TG6Z
10608,B0BJFLRMR2
10609,B0BJGKZKV9
10610,B0BJHCFFHF
10611,B0BJHYD8XC
10612,B0BJKB5HSQ
10613,B0BJKKPLHK
10614,B0BJLBTFKV
10615,B0BJLVJFJF
10616,B0BJPMB59W
10617,B0BJPSZ739
10618,B0BJQB9VTJ
10619,B0BJR2XHR7
10620,B0BJS8PTBN
10621,B0BJT15DLL
10622,B0BJTP61ZJ
10623,B0BJW2XLMR
10624,B0BJW5LJ4J
10625,B0BJW6Q2S8
10626,B0BJXH5MKH
10627,B0BJXSGLFJ
10628,B0BJY3VRYW
10629,B0BJYQWN1X
10630,B0BJZ8X96P
10631,B0BK1Y358T
10632,B0BK2H6K2M
10633,B0BK2JGF5G
10634,B0BK3LYMR2
10635,B0BK3P9RWX
10636,B0BK4S4674
10637,B0BK4X8PN3
10638,B0BK4X9W2P
10639,B0BK6PF1RH
10640,B0BK6SGHHB
10641,B0BK9Z2WCZ
10642,B0BKB1KV7N
10643,B0BKBPHV1H
10644,B0BKCDMRWP
10645,B0BKF8RDWP
10646,B0BKF9JWWC
10647,B0BKFX6FWW
10648,B0BKH4X5CR
10649,B0BKH6KQH9
10650,B0BKHBC4Z1
10651,B0BKJZSYJS
10652,B0BKKRHCJZ
10653,B0BKKZLLYF
10654,B0BKL686TG
10655,B0BKL947Z7
10656,B0BKLGCC9S
10657,B0BKLWZ4LD
10658,B0BKNJXKLY
10659,B0BKNTJL13
10660,B0BKNVWFQZ
10661,B0BKQG7XPH
10662,B0BKQQ6892
10663,B0BKR7WJK1
10664,B0BKR9NMMF
10665,B0BKRFSQ68
10666,B0BKRG9M8M
10667,B0BKRGWZ6T
10668,B0BKS4VHX7
10669,B0BKSLPZ5X
10670,B0BKTBD37R
10671,B0BKTVLHS2
10672,B0BKTXTT7B
10673,B0BKVV246Q
10674,B0BKW5ZVRW
10675,B0BKWGCSK5
10676,B0BKWMNK3J
10677,B0BKWQXXFD
10678,B0BKWSK12Y
10679,B0BKYXNPBC
10680,B0BL13YWTK
10681,B0BL3B12HK
10682,B0BL3D3829
10683,B0BL3J5RBR
10684,B0BL4MZVVG
10685,B0BL4X7168
10686,B0BL5YHZPC
10687,B0BL6788GP
10688,B0BL6CB6XJ
10689,B0BL6K852Z
10690,B0BL78N7W9
10691,B0BL7FBB8G
10692,B0BL7GFM2M
10693,B0BL95PC69
10694,B0BL99LJB7
10695,B0BL9TKSBL
10696,B0BLB1698X
10697,B0BLB4SMVQ
10698,B0BLB5BQMF
10699,B0BLB63543
10700,B0BLBBL16S
10701,B0BLBTYHZM
10702,B0BLCBZVYN
10703,B0BLCW7BP6
10704,B0BLD1HN66
10705,B0BLG2RJS4
10706,B0BLG688GT
10707,B0BLGKF3B7
10708,B0BLH3244W
10709,B0BLH6MKVY
10710,B0BLHNNSGG
10711,B0BLHP117V
10712,B0BLHRVSXD
10713,B0BLJ1V2J4
10714,B0BLJ71LWR
10715,B0BLJL25QT
10716,B0BLJXT53Q
10717,B0BLKS92GX
10718,B0BLL1TBJN
10719,B0BLL3SCXK
10720,B0BLL43W6K
10721,B0BLL5B3NY
10722,B0BLM2HK53
10723,B0BLMFG5D2
10724,B0BLNGKV45
10725,B0BLPCW2FV
10726,B0BLQ97Q5W
10727,B0BLQHW3TH
10728,B0BLRCRNP1
10729,B0BLS2DC6G
10730,B0BLSG9NC5
10731,B0BLSH6JDY
10732,B0BLSJB3HX
10733,B0BLT74MSK
10734,B0BLTHWD68
10735,B0BLTLQ4R9
10736,B0BLVF447J
10737,B0BLVKZ9ZR
10738,B0BLVYRWTX
10739,B0BLW3KS2H
10740,B0BLX8CDLN
10741,B0BLXP9PK4
10742,B0BLXVD952
10743,B0BLXVK6QX
10744,B0BLZ5ZY42
10745,B0BLZKZ5P5
10746,B0BLZLWVR9
10747,B0BLZW3WVR
10748,B0BM11XSB1
10749,B0BM1ZF3B4
10750,B0BM2YG2K7
10751,B0BM32M8FT
10752,B0BM333X2L
10753,B0BM36W2SR
10754,B0BM397S3D
10755,B0BM3FQ472
10756,B0BM3GW8BZ
10757,B0BM3PBQ9P
10758,B0BM4P25B7
10759,B0BM4XRZV1
10760,B0BM5353Z3
10761,B0BM55SJ58
10762,B0BM56B826
10763,B0BM5CLY57
10764,B0BM5FP56J
10765,B0BM5JGPFP
10766,B0BM5JLN2Z
10767,B0BM6FRDPS
10768,B0BM6MNXLH
10769,B0BM6ZLKPL
10770,B0BM73T3K6
10771,B0BM86RWQ8
10772,B0BM87M6GK
10773,B0BM89PWWJ
10774,B0BM8P3RYM
10775,B0BM8Q2CBV
10776,B0BM985YW5
10777,B0BM9DQHF6
10778,B0BM9DVXDN
10779,B0BM9GV17J
10780,B0BM9LK5TG
10781,B0BM9SSDMS
10782,B0BMB35F12
10783,B0BMCXDYXW
10784,B0BMDNNH23
10785,B0BMF477PV
10786,B0BMFBQDHX
10787,B0BMFZT725
10788,B0BMG99239
10789,B0BMGFWNT9
10790,B0BMGZXST9
10791,B0BMJ4RFGT
10792,B0BMJ4S51D
10793,B0BMJ89V4P
10794,B0BMJL3M36
10795,B0BMJTRF5K
10796,B0BMK6DC5W
10797,B0BML2MF98
10798,B0BML9KQJP
10799,B0BMLDQ9DS
10800,B0BMLR3F5X
10801,B0BMNBN6VK
10802,B0BMNM25WY
10803,B0BMPFCQDP
10804,B0BMQ9MCWH
10805,B0BMQGZJMJ
10806,B0BMQJYLQV
10807,B0BMQL6DMR
10808,B0BMQL94DR
10809,B0BMQN7L6B
10810,B0BMQRVN4N
10811,B0BMQY14QL
10812,B0BMR4VQ6D
10813,B0BMRT9795
10814,B0BMRVR7XS
10815,B0BMS4GCBK
10816,B0BMSP1Y94
10817,B0BMTWS2P3
10818,B0BMV6DF92
10819,B0BMW5KNZK
10820,B0BMWFG3LN
10821,B0BMWSG9RR
10822,B0BMWTL2S6
10823,B0BMWVX29K
10824,B0BMXH5W9V
10825,B0BMXMNG7G
10826,B0BMXMQNS9
10827,B0BMXP1S36
10828,B0BMYD87JB
10829,B0BMYH6DZS
10830,B0BMYJ2CBY
10831,B0BMZ2XJ86
10832,B0BMZCRFVY
10833,B0BMZNLDDZ
10834,B0BMZS8QRZ
10835,B0BN1FXXY7
10836,B0BN22L8DZ
10837,B0BN28ZPN5
10838,B0BN2G7JMB
10839,B0BN2HWH1K
10840,B0BN2S5XP1
10841,B0BN2ZY24V
10842,B0BN36736G
10843,B0BN3H54X9
10844,B0BN3HHSND
10845,B0BN4D5GZC
10846,B0BN4SXJVL
10847,B0BN534JBB
10848,B0BN5D2G8G
10849,B0BN67LKWS
10850,B0BN6J29V9
10851,B0BN6P5R75
10852,B0BN6TWNGC
10853,B0BN74ZJDK
10854,B0BN759MGJ
10855,B0BN79TG9C
10856,B0BN7FDPBY
10857,B0BN7SHJJP
10858,B0BN7Z57BK
10859,B0BN8CSF6D
10860,B0BN8CZ3CL
10861,B0BN91BT3M
10862,B0BN9529JL
10863,B0BN9VB14G
10864,B0BN9YKZCQ
10865,B0BNB3PDVR
10866,B0BNB9W1X2
10867,B0BNC1QBH6
10868,B0BNC3DQ9Z
10869,B0BNC8NL9W
10870,B0BNCXKX3G
10871,B0BNFS71BX
10872,B0BNG3VFQH
10873,B0BNHLRMTX
10874,B0BNHPBT2L
10875,B0BNJKDF76
10876,B0BNKCN8HF
10877,B0BNL147F9
10878,B0BNM2G69W
10879,B0BNM4RLP8
10880,B0BNM9KCF6
10881,B0BNN8ZNKX
10882,B0BNN9DL8B
10883,B0BNNCQVNW
10884,B0BNNRQK1J
10885,B0BNP5R5LL
10886,B0BNP654B2
10887,B0BNPCDBNF
10888,B0BNPFY8ZZ
10889,B0BNPL25Z9
10890,B0BNPP6N69
10891,B0BNPSRDBL
10892,B0BNPSZD8L
10893,B0BNPW9K5S
10894,B0BNQ8W8W3
10895,B0BNQG1JPS
10896,B0BNRY4FPN
10897,B0BNSBR3RZ
10898,B0BNTBXTQF
10899,B0BNTZWNTY
10900,B0BNW8QHR6
10901,B0BNWJ4NXN
10902,B0BNWNTQJB
10903,B0BNX9QVXZ
10904,B0BNXRTLYX
10905,B0BNY1L4JP
10906,B0BNY9J9W9
10907,B0BP2TDCXF
10908,B0BP3ZSMH5
10909,B0BP4XYFYN
10910,B0BP5D3YXT
10911,B0BP62JQLJ
10912,B0BP72JBB7
10913,B0BP7SGDC5
10914,B0BP831MJ8
10915,B0BP88GJVZ
10916,B0BP9QCWQX
10917,B0BP9TF2P4
10918,B0BPB6Q2BR
10919,B0BPB6R6RZ
10920,B0BPBJ6SKW
10921,B0BPBLRVPB
10922,B0BPBLYF85
10923,B0BPD6Q7KC
10924,B0BPDJ5SZZ
10925,B0BPGHG1D5
10926,B0BPHHXZ61
10927,B0BPHPFKW8
10928,B0BPJ1ZB38
10929,B0BPK5SZ9Q
10930,B0BPL157WQ
10931,B0BPL23TRN
10932,B0BPLD4VK9
10933,B0BPM137WR
10934,B0BPMCJJH7
10935,B0BPMGSDLH
10936,B0BPMMG52H
10937,B0BPMNKQ7S
10938,B0BPMQB7VG
10939,B0BPMQDJC2
10940,B0BPMSBKRP
10941,B0BPMTT5GW
10942,B0BPMWNKGW
10943,B0BPN2DXC1
10944,B0BPP72J81
10945,B0BPR6Y2NY
10946,B0BPRXYKLW
10947,B0BPRZFH8F
10948,B0BPV7R69Z
10949,B0BPWG9DBX
10950,B0BPWSQ5DK
10951,B0BPXD4JF9
10952,B0BPXT2SF4
10953,B0BPZ38VF2
10954,B0BPZ3FJHN
10955,B0BPZFW1JH
10956,B0BQ12SCZC
10957,B0BQ2H896H
10958,B0BQ35GBM2
10959,B0BQ3VVGDT
10960,B0BQ5H62TT
10961,B0BQ5JTZ89
10962,B0BQ7GDVPQ
10963,B0BQ8RRDCV
10964,B0BQ8ZPWD3
10965,B0BQBP58HC
10966,B0BQCTMHN5
10967,B0BQCWNRLB
10968,B0BQFB34C4
10969,B0BQFDJ773
10970,B0BQFFDKB7
10971,B0BQGMX5PJ
10972,B0BQH3Y8YH
10973,B0BQHKLWQK
10974,B0BQJG3KGN
10975,B0BQKBSSLP
10976,B0BQL11Z2D
10977,B0BQLF2WMN
10978,B0BQLQHP74
10979,B0BQLSM56P
10980,B0BQLV932H
10981,B0BQLW12BK
10982,B0BQP6P5F6
10983,B0BQQK1NK5
10984,B0BQRNFHCV
10985,B0BQRVTSN9
10986,B0BQSW51S2
10987,B0BQV27MZ7
10988,B0BQW5KS2T
10989,B0BQXNL68D
10990,B0BQY57T91
10991,B0BQY5BYFD
10992,B0BQY94DYS
10993,B0BQY973F7
10994,B0BQYR4QDM
10995,B0BQZ17J5M
10996,B0BR15MYJK
10997,B0BR1J78RB
10998,B0BR3H7SC5
10999,B0BR3MLGZZ
11000,B0BR5PFTB3
11001,B0BR69NLRM
11002,B0BR6LC6WG
11003,B0BR6ZF28J
11004,B0BR9135RC
11005,B0BR9SP7QW
11006,B0BRBSNXNT
11007,B0BRC4BBL5
11008,B0BRGPY8DT
11009,B0BRJJKD65
11010,B0BRK6PJZT
11011,B0BRKP792Y
11012,B0BRKPQM74
11013,B0BRKXMCCZ
11014,B0BRLZFYTJ
11015,B0BRNYS5YS
11016,B0BRP6Q9JW
11017,B0BRP9XKP1
11018,B0BRPBXZ1N
11019,B0BRPH676M
11020,B0BRQ9ZZ3D
11021,B0BRQJ5BGX
11022,B0BRRPXY7B
11023,B0BRS7DQVM
11024,B0BRSFW7RJ
11025,B0BRSVQ1CG
11026,B0BRSWHL6X
11027,B0BRT3SCLX
11028,B0BRT7XFM5
11029,B0BRTK8MZZ
11030,B0BRXD51XW
11031,B0BRXVPFDF
11032,B0BRYQH443
11033,B0BRZ3BV5J
11034,B0BRZFGB6R
11035,B0BRZG5TK4
11036,B0BRZPCQNJ
11037,B0BS1615YC
11038,B0BS1QXF6M
11039,B0BS2SLDVY
11040,B0BS2TJSQK
11041,B0BS2TMK39
11042,B0BS2ZMHCL
11043,B0BS34GVTH
11044,B0BS6KLLT1
11045,B0BS6RF5C1
11046,B0BS6RX6VY
11047,B0BS6RY81M
11048,B0BS7N6VFD
11049,B0BS8HFMSS
11050,B0BS952RPK
11051,B0BS96KRHH
11052,B0BS9VBHP7
11053,B0BSB3L5XZ
11054,B0BSDJQV5D
11055,B0BSDKR1VL
11056,B0BSDMQ2T1
11057,B0BSDZKJWF
11058,B0BSF17PM2
11059,B0BSF5LM3J
11060,B0BSFD74LD
11061,B0BSFNSN8H
11062,B0BSFT117F
11063,B0BSGB4ZKG
11064,B0BSHZ3C43
11065,B0BSJ6JHP1
11066,B0BSKD14P6
11067,B0BSKMH9GX
11068,B0BSKR4FML
11069,B0BSKS51FY
11070,B0BSL2S1DK
11071,B0BSLP1G3W
11072,B0BSMJV7HF
11073,B0BSMXHH6T
11074,B0BSNXWPJG
11075,B0BSPBZWBH
11076,B0BSPGR5T6
11077,B0BSPKZ5QC
11078,B0BSQJP5KD
11079,B0BSQL7M51
11080,B0BSQT35Y2
11081,B0BSQTD5PN
11082,B0BSRDTJNW
11083,B0BSRGRWNG
11084,B0BSRMK724
11085,B0BSRNC8ZD
11086,B0BSRNZMP9
11087,B0BSRTWWYZ
11088,B0BSSNF4CN
11089,B0BSSNYGQB
11090,B0BST415H3
11091,B0BST8S2CY
11092,B0BSTN9SNQ
11093,B0BSVYHHDZ
11094,B0BSWWPR5L
11095,B0BSX9V875
11096,B0BSXBNR8V
11097,B0BSXSYLRF
11098,B0BSY3N219
11099,B0BSY9YS5C
11100,B0BSYDVHBC
11101,B0BSYHGR7W
11102,B0BSZ4B5R4
11103,B0BSZ75DSC
11104,B0BSZWQG5X
11105,B0BT19JQ2J
11106,B0BT1BTW94
11107,B0BT1TM3S2
11108,B0BT2Q236P
11109,B0BT2SY7VL
11110,B0BT323KMZ
11111,B0BT3B8X3M
11112,B0BT3MGKQ1
11113,B0BT45PXZ3
11114,B0BT51GL4R
11115,B0BT8LFCHR
11116,B0BT8PPPWS
11117,B0BT9692WS
11118,B0BT96CW3Y
11119,B0BT98MVYD
11120,B0BT9F15GY
11121,B0BT9GHTTR
11122,B0BTBHWJ8K
11123,B0BTBQ9D9B
11124,B0BTBXYD7N
11125,B0BTCLFDHM
11126,B0BTFS34T7
11127,B0BTG3YY8L
11128,B0BTH67F99
11129,B0BTH6GRY9
11130,B0BTHJ1MNK
11131,B0BTHJGP48
11132,B0BTHLJ3D2
11133,B0BTHN5JXK
11134,B0BTHR2PSR
11135,B0BTHWYC3G
11136,B0BTJBQC91
11137,B0BTJY9RG7
11138,B0BTJYRYBH
11139,B0BTL5HJ1F
11140,B0BTLKPF7Q
11141,B0BTLNNQVZ
11142,B0BTLNZ6SH
11143,B0BTLPS6Y8
11144,B0BTLTFCVR
11145,B0BTLY55B6
11146,B0BTMBMD8X
11147,B0BTMFL53L
11148,B0BTMR1L25
11149,B0BTN618VZ
11150,B0BTNC6YS5
11151,B0BTNF912R
11152,B0BTNKRBBZ
11153,B0BTP3N2HC
11154,B0BTP8QNYX
11155,B0BTP9KDB4
11156,B0BTPLWGH2
11157,B0BTPR8Q2Q
11158,B0BTQ654HT
11159,B0BTRH9RH7
11160,B0BTRXLPBZ
11161,B0BTRYJ2DN
11162,B0BTSTC5PB
11163,B0BTT1Z16D
11164,B0BTT36RYF
11165,B0BTTW3TZW
11166,B0BTTWJT33
11167,B0BTTWMJNP
11168,B0BTTZWX4N
11169,B0BTV585F9
11170,B0BTVN2YTV
11171,B0BTW7TKZ7
11172,B0BTXWM96G
11173,B0BTY2RSZ7
11174,B0BTYHJZR7
11175,B0BTYHPVNN
11176,B0BTYJL9P9
11177,B0BTYPH7B2
11178,B0BTYRKJM4
11179,B0BTZZMP8C
11180,B0BV118GHT
11181,B0BV2M58F6
11182,B0BV3GMHRC
11183,B0BV3J1YC6
11184,B0BV3NWX67
11185,B0BV6BGYT5
11186,B0BV6H1ZPM
11187,B0BV6RLX21
11188,B0BV6S93JR
11189,B0BV6VN1SF
11190,B0BV7GQNMJ
11191,B0BV7JJD7N
11192,B0BV93KQZR
11193,B0BV9RHGTT
11194,B0BV9XZCTW
11195,B0BVB1QQQG
11196,B0BVBDXFHM
11197,B0BVBWJV4H
11198,B0BVC1ZF6S
11199,B0BVC2KSW2
11200,B0BVF4D7BB
11201,B0BVGF6PTC
11202,B0BVGLR44Y
11203,B0BVGMZSY4
11204,B0BVGW8R4D
11205,B0BVH1QB5C
11206,B0BVH24H94
11207,B0BVH2C84P
11208,B0BVJ14ZV3
11209,B0BVJ4DHFQ
11210,B0BVJ7SRC7
11211,B0BVJPFKCC
11212,B0BVKBXGRG
11213,B0BVLQPNP5
11214,B0BVLRMNBV
11215,B0BVLY92D8
11216,B0BVMLDFRV
11217,B0BVMPNQTV
11218,B0BVN7NM46
11219,B0BVNQ9SRL
11220,B0BVNVJBHW
11221,B0BVP65P51
11222,B0BVPFXZZS
11223,B0BVRJ53VV
11224,B0BVRQPX7Q
11225,B0BVRYD2DV
11226,B0BVS1V7FJ
11227,B0BVT19J7H
11228,B0BVV61JV3
11229,B0BVW43LNY
11230,B0BVWK42L3
11231,B0BVWKWTN6
11232,B0BVWP4H69
11233,B0BVY2RZLD
11234,B0BVY4HFKZ
11235,B0BVY4JVNG
11236,B0BVY5RHRR
11237,B0BVYGWJWM
11238,B0BVYLB2W4
11239,B0BVZCVJYT
11240,B0BVZHN3CD
11241,B0BVZZ36ZL
11242,B0BW1CLXX7
11243,B0BW2J34PD
11244,B0BW2L49G9
11245,B0BW34VWY5
11246,B0BW42NQD3
11247,B0BW4GKMKH
11248,B0BW4KJ7L5
11249,B0BW4LN33L
11250,B0BW4M7RHD
11251,B0BW4PFM58
11252,B0BW4QW6ZC
11253,B0BW4TCD6F
11254,B0BW4TCZ35
11255,B0BW4W3YJS
11256,B0BW52HPNL
11257,B0BW53NKZ8
11258,B0BW543RH8
11259,B0BW5P8VPZ
11260,B0BW7WYB4K
11261,B0BW8D4VC2
11262,B0BW8J316G
11263,B0BW8J6S41
11264,B0BW8LZ2MN
11265,B0BW8TNG7Y
11266,B0BW977TR3
11267,B0BWBC2GLD
11268,B0BWBND2YS
11269,B0BWCJZSF5
11270,B0BWD4WGJB
11271,B0BWF27S4F
11272,B0BWFBWBJJ
11273,B0BWFQGY7C
11274,B0BWFRKGDQ
11275,B0BWFWF4CC
11276,B0BWGC2519
11277,B0BWGCW34W
11278,B0BWHR7WKK
11279,B0BWJLHYS7
11280,B0BWJP1W4D
11281,B0BWK5QSNW
11282,B0BWL5K8F3
11283,B0BWLB3PPJ
11284,B0BWLH7QX5
11285,B0BWLHPP9H
11286,B0BWLSKH4D
11287,B0BWLTM2TR
11288,B0BWMR3YHG
11289,B0BWMXQZ32
11290,B0BWMY8JZP
11291,B0BWNQSFPQ
11292,B0BWQLJZR8
11293,B0BWRH8VYM
11294,B0BWRLLXQL
11295,B0BWS2SQJG
11296,B0BWS8TJW5
11297,B0BWSB1W9D
11298,B0BWSFSK2W
11299,B0BWT1HMW8
11300,B0BWTMM1RP
11301,B0BWVB7VY2
11302,B0BWVDHK82
11303,B0BWVDRR6L
11304,B0BWXCRZVL
11305,B0BWYPV5NY
11306,B0BX275FX5
11307,B0BX2JCL1N
11308,B0BX2NZG63
11309,B0BX2VCCD6
11310,B0BX3K8L2H
11311,B0BX3VK1Z6
11312,B0BX3YS8VX
11313,B0BX48JLS2
11314,B0BX4GKF1J
11315,B0BX4L9BFJ
11316,B0BX4NGRZ2
11317,B0BX596XSR
11318,B0BX5PHNML
11319,B0BX5V1LLG
11320,B0BX5VDWCT
11321,B0BX5ZQVM6
11322,B0BX65VLJ9
11323,B0BX6QNZXV
11324,B0BX6TDS8G
11325,B0BX6V8SP3
11326,B0BX72BZV2
11327,B0BX7KPS8W
11328,B0BX7N48T2
11329,B0BX7VBNB9
11330,B0BX8DMYWL
11331,B0BX8XYH9D
11332,B0BX9SFVDJ
11333,B0BX9T55B4
11334,B0BXB6TZ1V
11335,B0BXB7XZW1
11336,B0BXBBG4S2
11337,B0BXBSWYS7
11338,B0BXD2863F
11339,B0BXD81D1K
11340,B0BXF6STBS
11341,B0BXFQG1JS
11342,B0BXGMJ16F
11343,B0BXHB482G
11344,B0BXHK1TJP
11345,B0BXHP818N
11346,B0BXJ3WR3T
11347,B0BXJ9K75N
11348,B0BXKXMYGY
11349,B0BXM18YDP
11350,B0BXM2XMV1
11351,B0BXN6Z8T7
11352,B0BXNN7FCT
11353,B0BXP115DF
11354,B0BXP3P132
11355,B0BXPLX4HW
11356,B0BXPPZ3MK
11357,B0BXQ2QRBB
11358,B0BXQ55VM2
11359,B0BXQ7168J
11360,B0BXQGJ1GB
11361,B0BXQNRTXX
11362,B0BXST372J
11363,B0BXSXFLQ5
11364,B0BXT3RFH7
11365,B0BXTFZTBT
11366,B0BXTK9YXZ
11367,B0BXTLB791
11368,B0BXTLJMQM
11369,B0BXTTZ5QQ
11370,B0BXVQ5GPZ
11371,B0BXW7XFH1
11372,B0BXWR6HPQ
11373,B0BXWSRHS3
11374,B0BXWX8CJL
11375,B0BXWXFFQN
11376,B0BXX85J3Y
11377,B0BXXNQZ4C
11378,B0BXXS51NG
11379,B0BXYGD4GG
11380,B0BXYXD1Q2
11381,B0BXZ4D1C2
11382,B0BXZ538JV
11383,B0BY1MPNBL
11384,B0BY1P2RQ1
11385,B0BY2FL3ZX
11386,B0BY2G8VWL
11387,B0BY2SNTYP
11388,B0BY2XMRTS
11389,B0BY32HLNN
11390,B0BY32J7TK
11391,B0BY38V2W4
11392,B0BY414R46
11393,B0BY47B9VT
11394,B0BY6VNDWM
11395,B0BY77WG9M
11396,B0BY7B13ZT
11397,B0BY7PFZYF
11398,B0BY8N7HHG
11399,B0BY99CSYB
11400,B0BY9PT1QH
11401,B0BYBQSJ6L
11402,B0BYBRYZNF
11403,B0BYDHFRYD
11404,B0BYDKHZVC
11405,B0BYDKWZQY
11406,B0BYDSW927
11407,B0BYDXXVW5
11408,B0BYFK71MN
11409,B0BYGB3Z52
11410,B0BYGJ6GYF
11411,B0BYGS3RZ7
11412,B0BYH1X3BL
11413,B0BYJ7FL3R
11414,B0BYJ8ZVWH
11415,B0BYK4XH5V
11416,B0BYKCDFGF
11417,B0BYKGTGYX
11418,B0BYKL3WR1
11419,B0BYL2MQLY
11420,B0BYNYG2NN
11421,B0BYP14D9B
11422,B0BYP2RRXV
11423,B0BYPQPXCY
11424,B0BYQDJZ3X
11425,B0BYRBN4YR
11426,B0BYRM8PXH
11427,B0BYS7ZYJ1
11428,B0BYSG291N
11429,B0BYSKLWHY
11430,B0BYSP9676
11431,B0BYT4TJN8
11432,B0BYT526DC
11433,B0BYTQ4VFK
11434,B0BYTRS2N2
11435,B0BYVW51GN
11436,B0BYXHPRT4
11437,B0BYYJPGQB
11438,B0BYYZNCQD
11439,B0BYZ3BTPB
11440,B0BYZ89X7Z
11441,B0BYZBRPJ2
11442,B0BYZCWKZL
11443,B0BYZLN3B3
11444,B0BZ15FM42
11445,B0BZ2NMZDY
11446,B0BZ3LHSDW
11447,B0BZ4YPK5T
11448,B0BZ4ZJW45
11449,B0BZ4ZJW6F
11450,B0BZ58YVYL
11451,B0BZ5BMMB7
11452,B0BZ5BN4L1
11453,B0BZ5BN4NW
11454,B0BZ5C5QNB
11455,B0BZ5DX2XK
11456,B0BZ5H75R7
11457,B0BZ5HGVQP
11458,B0BZ5JPMNQ
11459,B0BZ5KPQZK
11460,B0BZ5N3LZL
11461,B0BZ5SG5VB
11462,B0BZ62FQ13
11463,B0BZ67G5PT
11464,B0BZ8CV73M
11465,B0BZ8FPHW5
11466,B0BZ9NWKF2
11467,B0BZB56D2J
11468,B0BZC26QJ6
11469,B0BZCC5MS8
11470,B0BZCWFCNF
11471,B0BZDJJ5N3
11472,B0BZDWGL19
11473,B0BZFZJMLZ
11474,B0BZGV4PDL
11475,B0BZJ3B1LD
11476,B0BZJ9BYZ3
11477,B0BZJ9TQMH
11478,B0BZJGGX2T
11479,B0BZJH71BZ
11480,B0BZJN8YWR
11481,B0BZJNL66N
11482,B0BZJNYVN7
11483,B0BZJP9VGZ
11484,B0BZJQRW17
11485,B0BZJWPCHN
11486,B0BZJZKQQQ
11487,B0BZJZKYST
11488,B0BZL5WQML
11489,B0BZLBL1L9
11490,B0BZLCT7VS
11491,B0BZLMCK51
11492,B0BZLN9BYG
11493,B0BZND6YQR
11494,B0BZP5WC5R
11495,B0BZPC26QF
11496,B0BZQS5HYH
11497,B0BZQTJ2M6
11498,B0BZQZXHWP
11499,B0BZR2RLFN
11500,B0BZR4KQ8M
11501,B0BZR77V78
11502,B0BZR7VDHM
11503,B0BZR9YJKD
11504,B0BZRBBGRK
11505,B0BZRFGR37
11506,B0BZRVGMLM
11507,B0BZRXNXC5
11508,B0BZRY8JPY
11509,B0BZS5WFH9
11510,B0BZSYPRRH
11511,B0BZT5GQGJ
11512,B0BZT7SWZB
11513,B0BZT87LBR
11514,B0BZTBML9P
11515,B0BZTQD3FK
11516,B0BZTT3T7T
11517,B0BZVBPG8Z
11518,B0BZVG4F57
11519,B0BZVPKLC1
11520,B0BZWPFB2Q
11521,B0BZWT7NX3
11522,B0BZWX7RWW
11523,B0BZX4JW9K
11524,B0BZX5N1NQ
11525,B0BZXTLPJH
11526,B0C11181X4
11527,B0C11H8G7W
11528,B0C11VNSLN
11529,B0C125Z8H7
11530,B0C13ZXJCW
11531,B0C14L1HPS
11532,B0C15B63J5
11533,B0C15F37SL
11534,B0C15Q5H7H
11535,B0C164C3ND
11536,B0C16WL7MB
11537,B0C19LF9N1
11538,B0C1B9RHMM
11539,B0C1BKFZ5P
11540,B0C1BNPSKZ
11541,B0C1CPTMG9
11542,B0C1D3JB4R
11543,B0C1DKK6FC
11544,B0C1FRBK4K
11545,B0C1FZL139
11546,B0C1G1GX72
11547,B0C1G9SRD7
11548,B0C1GHDH83
11549,B0C1HFRG76
11550,B0C1HLFPFD
11551,B0C1HWZ35X
11552,B0C1J4XGB1
11553,B0C1J8RZ46
11554,B0C1JGLV8T
11555,B0C1JVBDML
11556,B0C1K28TMR
11557,B0C1L56SCH
11558,B0C1N7DVZQ
11559,B0C1NR6NHV
11560,B0C1NZ4JKL
11561,B0C1S2NTQX
11562,B0C1SJVWTY
11563,B0C1ST8DNB
11564,B0C1SV5WZJ
11565,B0C1TCWRM9
11566,B0C1TH5BPL
11567,B0C1TK3YL6
11568,B0C1TM5NXP
11569,B0C1TQPB4K
11570,B0C1TRZPM6
11571,B0C1TY3DGD
11572,B0C1V5SRCW
11573,B0C1VP1GGK
11574,B0C1VT1ZVS
11575,B0C1VT6GXS
11576,B0C1VT6ZRN
11577,B0C1VWG3PX
11578,B0C1VWG5XC
11579,B0C1VWHY3W
11580,B0C1VXZ399
11581,B0C1VYC9QG
11582,B0C1VYC9ZK
11583,B0C1VYJ273
11584,B0C1VYWCXW
11585,B0C1VZJC9F
11586,B0C1W1D4JG
11587,B0C1W2K51C
11588,B0C1W2K53D
11589,B0C1W2KJN5
11590,B0C1WDJSXR
11591,B0C1X93JGP
11592,B0C1YHZNH9
11593,B0C1Z2FM57
11594,B0C211KFK4
11595,B0C21JDWWZ
11596,B0C21NZYKG
11597,B0C226XQNW
11598,B0C22WW175
11599,B0C23MPF8L
11600,B0C24L2JBS
11601,B0C24RDVG6
11602,B0C24XM5TL
11603,B0C25CVMJS
11604,B0C26NRH8Z
11605,B0C26STM6W
11606,B0C27HCGNF
11607,B0C27QFBNY
11608,B0C27QL5WZ
11609,B0C28FCZMY
11610,B0C291DNP1
11611,B0C29435V9
11612,B0C29H9B3V
11613,B0C2BM8MJ9
11614,B0C2BX7ZKM
11615,B0C2CPPBTG
11616,B0C2CQ1NYZ
11617,B0C2CR23T1
11618,B0C2D1FCZ1
11619,B0C2D2Z41Y
11620,B0C2D3PV1D
11621,B0C2DDW4ZM
11622,B0C2DWV47F
11623,B0C2F7S9PC
11624,B0C2GQ8896
11625,B0C2H1RNNC
11626,B0C2HPVNV8
11627,B0C2HR1R4X
11628,B0C2HWSXNL
11629,B0C2J1HF4Z
11630,B0C2JF5179
11631,B0C2JF6987
11632,B0C2KY84WK
11633,B0C2M45QDC
11634,B0C2NPBTVR
11635,B0C2P7CNWG
11636,B0C2PCFMKB
11637,B0C2PVFRWV
11638,B0C2Q3DYFY
11639,B0C2QKXVD2
11640,B0C2QMC67S
11641,B0C2QNYFSQ
11642,B0C2QRWWQC
11643,B0C2QTQNSQ
11644,B0C2QTQP6X
11645,B0C2R4513L
11646,B0C2R6LXPG
11647,B0C2RN5MSQ
11648,B0C2RNJFP1
11649,B0C2RYDJ46
11650,B0C2TNCHQD
11651,B0C2TV2M25
11652,B0C2TZSCPT
11653,B0C2V7HXJC
11654,B0C2VGGZFR
11655,B0C2VLCNMQ
11656,B0C2VVVF9G
11657,B0C2VZS9YP
11658,B0C2W3WKPV
11659,B0C2WLKR2D
11660,B0C2WWCBSG
11661,B0C2XBLXJ2
11662,B0C2XMC1TT
11663,B0C2Z5JDPN
11664,B0C2ZMCN8T
11665,B0C2ZMJW53
11666,B0C2ZTNFHR
11667,B0C2ZVFX83
11668,B0C312B63C
11669,B0C31BW3MM
11670,B0C31KC8QD
11671,B0C329PQRV
11672,B0C329SPCK
11673,B0C32FL27X
11674,B0C32G2Q41
11675,B0C32KMM97
11676,B0C32MZ6XS
11677,B0C336VPPH
11678,B0C337TNGS
11679,B0C33824RM
11680,B0C338S8M7
11681,B0C33C3XFV
11682,B0C33Z5X4B
11683,B0C34779HL
11684,B0C34CRBP9
11685,B0C34HVTJN
11686,B0C34ZK9RK
11687,B0C36MHD1Z
11688,B0C36RFC6D
11689,B0C3733NYF
11690,B0C37HS911
11691,B0C37PKPVH
11692,B0C37R51C5
11693,B0C37XY2JZ
11694,B0C385C2K4
11695,B0C388V8NN
11696,B0C38918J8
11697,B0C38JGJW3
11698,B0C38M6VDV
11699,B0C38RQX23
11700,B0C38W8MKY
11701,B0C39564KY
11702,B0C39SLKVD
11703,B0C39T6SJL
11704,B0C3BKMPDJ
11705,B0C3C2GXM7
11706,B0C3CD318G
11707,B0C3CK6NHD
11708,B0C3CNHRKZ
11709,B0C3DBTBXX
11710,B0C3DJMBTC
11711,B0C3DMD1TL
11712,B0C3FCZ93G
11713,B0C3GM8JQC
11714,B0C3GSXJDJ
11715,B0C3GTYZSK
11716,B0C3H1JC88
11717,B0C3H9K1WS
11718,B0C3HNDTW1
11719,B0C3JD4N8K
11720,B0C3JFJ8Z9
11721,B0C3K1DYSX
11722,B0C3K571SK
11723,B0C3K9W9J5
11724,B0C3KGR3F6
11725,B0C3KV52B7
11726,B0C3L9PFLM
11727,B0C3M3MYBX
11728,B0C3M8FF4J
11729,B0C3M91B2C
11730,B0C3MR4DPT
11731,B0C3NMZ2C7
11732,B0C3P5XF9J
11733,B0C3Q8H1VK
11734,B0C3Q8H1VT
11735,B0C3QFX693
11736,B0C3QNB7QJ
11737,B0C3QP4Q9F
11738,B0C3QRN4Y4
11739,B0C3QXVTXB
11740,B0C3R5GDWS
11741,B0C3R6V6FF
11742,B0C3RQRWD9
11743,B0C3RVC7TW
11744,B0C3S797P1
11745,B0C3SGLCYG
11746,B0C3T1C5LZ
11747,B0C3T3YT4V
11748,B0C3TF6XZZ
11749,B0C3TFVNJ1
11750,B0C3W2CL89
11751,B0C3W6FDNV
11752,B0C3W84B6F
11753,B0C3WHFZJG
11754,B0C3WX8QW8
11755,B0C3XBNHXQ
11756,B0C3Y84FKX
11757,B0C3YBN6CP
11758,B0C3YMV133
11759,B0C3YN75W7
11760,B0C3YTPTH8
11761,B0C3Z4FV95
11762,B0C3ZJNM78
11763,B0C3ZV9NNY
11764,B0C414MZXW
11765,B0C417CCRJ
11766,B0C4188MY5
11767,B0C41BR1SM
11768,B0C427YBCV
11769,B0C42S3D8D
11770,B0C43RBZ7Y
11771,B0C442MC9J
11772,B0C447ZT7H
11773,B0C449B8FT
11774,B0C449YP5D
11775,B0C44HQ7CF
11776,B0C45YWP9R
11777,B0C46LBLY2
11778,B0C46SPL7B
11779,B0C46VS5RC
11780,B0C46X6WB6
11781,B0C47BX8RV
11782,B0C47H2N6F
11783,B0C47JC6KV
11784,B0C47LLQQS
11785,B0C4871WHV
11786,B0C48KPMFZ
11787,B0C48T6WNC
11788,B0C49QSNHP
11789,B0C4B7GVGT
11790,B0C4CPL2RV
11791,B0C4DHJ5FH
11792,B0C4DK26WV
11793,B0C4DL9HY6
11794,B0C4DTCKS5
11795,B0C4F1WFLL
11796,B0C4FJW8MV
11797,B0C4FVZZ7T
11798,B0C4FWD4DB
11799,B0C4G5CTB3
11800,B0C4GMXYGK
11801,B0C4GQ2KFM
11802,B0C4GTCXDY
11803,B0C4GWMB1H
11804,B0C4H841XY
11805,B0C4HGK2VP
11806,B0C4HR8CYX
11807,B0C4HV7X71
11808,B0C4JTNQY4
11809,B0C4K3YQDS
11810,B0C4K5BNW2
11811,B0C4K5VT3Y
11812,B0C4K72PFB
11813,B0C4KGHNPB
11814,B0C4KPFKGZ
11815,B0C4KZCTSW
11816,B0C4L79T78
11817,B0C4LF1T4X
11818,B0C4LF3H7D
11819,B0C4LGH8J1
11820,B0C4LJMGD8
11821,B0C4LSZS57
11822,B0C4LXN87S
11823,B0C4M1QBDR
11824,B0C4M4ZV1Z
11825,B0C4MK9CR2
11826,B0C4MSXDD5
11827,B0C4MXM9ZQ
11828,B0C4NBCJBL
11829,B0C4NBPPRJ
11830,B0C4P5KJ8T
11831,B0C4Q9F8XP
11832,B0C4QH6SBL
11833,B0C4S2FHHT
11834,B0C4T2HF5W
11835,B0C4T6NPBG
11836,B0C4TNHV6H
11837,B0C4TZT4Y9
11838,B0C4V1Q2P5
11839,B0C4V6MWPT
11840,B0C4VVBRGM
11841,B0C4XBFS1N
11842,B0C4XFJDCN
11843,B0C4XHBFLC
11844,B0C4XTW5D2
11845,B0C4Y743GK
11846,B0C4Y79X9K
11847,B0C4Y79XBL
11848,B0C4Y7T5Z3
11849,B0C4Y8SX1Q
11850,B0C4Y9QGKX
11851,B0C4Z8B8TY
11852,B0C4ZHDBXB
11853,B0C4ZHF23L
11854,B0C4ZLMCH4
11855,B0C4ZPGYB7
11856,B0C51GDBDD
11857,B0C51Z17FB
11858,B0C51ZXFT8
11859,B0C533DWQQ
11860,B0C53B7HKC
11861,B0C53MSQZJ
11862,B0C53N5Y9F
11863,B0C53S5BFM
11864,B0C53YG65Q
11865,B0C54754QF
11866,B0C548YQLZ
11867,B0C54C18G2
11868,B0C54P44QB
11869,B0C556BW5M
11870,B0C557PVVR
11871,B0C55LM3SN
11872,B0C55MYGPV
11873,B0C55QPXH9
11874,B0C55TNJ44
11875,B0C55XKJSD
11876,B0C5664P9K
11877,B0C56KFVKN
11878,B0C585ZM2W
11879,B0C586XRCN
11880,B0C58MBSHD
11881,B0C58RXBPQ
11882,B0C598SJ7H
11883,B0C59CL7PB
11884,B0C59LRZ4L
11885,B0C5B1LW2Y
11886,B0C5B6TQNL
11887,B0C5B9NPZ2
11888,B0C5BYC2TN
11889,B0C5C9S5BF
11890,B0C5CLX5VB
11891,B0C5CXYXXN
11892,B0C5CZRMJC
11893,B0C5D4DTCN
11894,B0C5DCR1SV
11895,B0C5DDWRL2
11896,B0C5DH7MX1
11897,B0C5DVKKQB
11898,B0C5DWPM9G
11899,B0C5DXCM8F
11900,B0C5DXV5HW
11901,B0C5F13H3C
11902,B0C5F1C875
11903,B0C5FG7BVK
11904,B0C5FKT7PF
11905,B0C5FLHPRQ
11906,B0C5J66WNF
11907,B0C5J9PH5R
11908,B0C5JCQHBD
11909,B0C5JNM92P
11910,B0C5JSXL6W
11911,B0C5K1MF9X
11912,B0C5KC2M3R
11913,B0C5LRK29P
11914,B0C5LYG4HK
11915,B0C5LYQL9L
11916,B0C5LZY1VQ
11917,B0C5MBN688
11918,B0C5MCNJKR
11919,B0C5MCSLKZ
11920,B0C5MHR17Q
11921,B0C5MTX5GW
11922,B0C5N76P1F
11923,B0C5ND3YRY
11924,B0C5NLQ1ZR
11925,B0C5PC4J6W
11926,B0C5PHZ4QS
11927,B0C5QB1B1X
11928,B0C5RK1W3Y
11929,B0C5RSSF3S
11930,B0C5RV9J3C
11931,B0C5S3W1VG
11932,B0C5SBGRNJ
11933,B0C5SC4TVZ
11934,B0C5STB5YT
11935,B0C5SV6LVK
11936,B0C5T3SKBT
11937,B0C5TH7KS9
11938,B0C5VFTZFH
11939,B0C5VFZ4GK
11940,B0C5W4TCMM
11941,B0C5W5GY8N
11942,B0C5WN1QFK
11943,B0C5XCW3JH
11944,B0C5XG6CN8
11945,B0C5XSTYZF
11946,B0C5Y1WHFY
11947,B0C5Y4CR9N
11948,B0C5Y5SPW8
11949,B0C5Y5Y3P8
11950,B0C5Y5ZZDH
11951,B0C5YKWC5N
11952,B0C5YY69CM
11953,B0C5Z4BKQY
11954,B0C5ZC7FWR
11955,B0C5ZK6VBJ
11956,B0C5ZTQXXX
11957,B0C5ZYC52N
11958,B0C6126T9X
11959,B0C617749R
11960,B0C621YG13
11961,B0C622JR26
11962,B0C627132X
11963,B0C62815WM
11964,B0C62LSC96
11965,B0C631G6DR
11966,B0C63321N2
11967,B0C6353T4L
11968,B0C63HSN3J
11969,B0C63ZXYXQ
11970,B0C643D1KG
11971,B0C64GQ6TL
11972,B0C66RSPZB
11973,B0C678Z6KG
11974,B0C67RD6H1
11975,B0C682GZ5X
11976,B0C68878KZ
11977,B0C68VS6LH
11978,B0C68XNGG1
11979,B0C69H5M73
11980,B0C69HK1GX
11981,B0C69L3BX1
11982,B0C69V2PD8
11983,B0C69W34RC
11984,B0C6B6LG9T
11985,B0C6BLHQFJ
11986,B0C6BSCCHP
11987,B0C6D2VKPG
11988,B0C6D5GYQ4
11989,B0C6D9FQJ4
11990,B0C6DDHVNP
11991,B0C6DMLXDS
11992,B0C6F3FV4B
11993,B0C6F6HHRB
11994,B0C6FJ335V
11995,B0C6FJFRJG
11996,B0C6FK4YC4
11997,B0C6FN7MB4
11998,B0C6FNDF7J
11999,B0C6FQL238
12000,B0C6FRCQDS
12001,B0C6G1ZH14
12002,B0C6G2STLP
12003,B0C6G78JF8
12004,B0C6GDR98S
12005,B0C6H53V83
12006,B0C6H5KQ5P
12007,B0C6H85C1T
12008,B0C6H934PZ
12009,B0C6HDQXMK
12010,B0C6J534BX
12011,B0C6JG23YM
12012,B0C6JPDF8S
12013,B0C6JQX8MN
12014,B0C6K4GYTF
12015,B0C6KCBT4K
12016,B0C6KPFH39
12017,B0C6KS3D28
12018,B0C6L1JKSR
12019,B0C6L5D43M
12020,B0C6L5J1JV
12021,B0C6LH6F63
12022,B0C6LJ4ZT8
12023,B0C6LKF6T3
12024,B0C6LYXKRP
12025,B0C6M1B3GL
12026,B0C6M7FY32
12027,B0C6MK1BMW
12028,B0C6N18DHX
12029,B0C6N197PC
12030,B0C6NJS645
12031,B0C6NP8ZMS
12032,B0C6P3PC6P
12033,B0C6PD9F98
12034,B0C6PGZ3MB
12035,B0C6PRR41P
12036,B0C6PS3CCW
12037,B0C6QKB234
12038,B0C6R3C4BG
12039,B0C6R3GDV1
12040,B0C6R8FCHT
12041,B0C6R8YMPC
12042,B0C6R9QDGN
12043,B0C6R9SKNL
12044,B0C6R9Y5PC
12045,B0C6SWXBXV
12046,B0C6T21J5V
12047,B0C6V27S6N
12048,B0C6V3PJQH
12049,B0C6V3W4CG
12050,B0C6VCTLT4
12051,B0C6Y1SRMT
12052,B0C6YHXWFB
12053,B0C6YQJZNK
12054,B0C6YQMLC4
12055,B0C6YQYGM3
12056,B0C6Z6X12X
12057,B0C71PFGMZ
12058,B0C71PTXVC
12059,B0C71ZQTM5
12060,B0C72D4J46
12061,B0C73WN9P9
12062,B0C7419PNF
12063,B0C743FLMQ
12064,B0C749KCTC
12065,B0C74QHKTR
12066,B0C786CPSM
12067,B0C78BGC77
12068,B0C78BKTFD
12069,B0C78KPQYH
12070,B0C78W9WYV
12071,B0C79LGN5T
12072,B0C7BG9Q3Z
12073,B0C7CPHD7R
12074,B0C7D2GW7Z
12075,B0C7FLXHCN
12076,B0C7GYSFGB
12077,B0C7GYY5N9
12078,B0C7HW72LR
12079,B0C7JCBDZ1
12080,B0C7KLM8L2
12081,B0C7L4MMW7
12082,B0C7L697HV
12083,B0C7LM4X6S
12084,B0C7LM4X76
12085,B0C7LMSR5B
12086,B0C7LN5D42
12087,B0C7LND6FJ
12088,B0C7LNR86X
12089,B0C7LP366Z
12090,B0C7LQ41WR
12091,B0C7LQBLN7
12092,B0C7LQM29N
12093,B0C7LR2G35
12094,B0C7LZYYWQ
12095,B0C7M5161K
12096,B0C7MDLQGJ
12097,B0C7MZQB48
12098,B0C7PNF5H8
12099,B0C7PW47R1
12100,B0C7RKDQ49
12101,B0C7S8NBJK
12102,B0C7SSM7T7
12103,B0C7THZNCB
12104,B0C7TQZL7Y
12105,B0C7V6PQ5D
12106,B0C7VXS94S
12107,B0C7WPSRW5
12108,B0C7WR9RR2
12109,B0C7Z6ZQMZ
12110,B0C8633DBV
12111,B0C86RJYYN
12112,B0C86RW8MK
12113,B0C88VJZJS
12114,B0C89CF7YR
12115,B0C8B9SSSM
12116,B0C8BMJTQG
12117,B0C8BND39H
12118,B0C8C4QV3S
12119,B0C8FMWDHX
12120,B0C8HXQCDC
12121,B0C8N7DD6N
12122,B0C8PBT1F9
12123,B0C8PFSX3Q
12124,B0C8RCSH1M
12125,B0C8TCMTK7
12126,B0C8VD6GC7
12127,B0C8VYMGM6
12128,B0C8X86YQZ
12129,B0C8Y7KTML
12130,B0C8YL3G4R
12131,B0C8YSGKYH
12132,B0C91M2QGQ
12133,B0C94JL57R
12134,B0C96HXJ5Q
12135,B0C96JLXPD
12136,B0C995ZD3J
12137,B0C9DP86HZ
12138,B0C9HZK63C
12139,B0C9J4PGJF
12140,B0C9JDY2GH
12141,B0C9JDY2QF
12142,B0C9JG3G5D
12143,B0C9LYJSWN
12144,B0C9QB2GZS
12145,B0C9R5T68Z
12146,B0C9SBNGHB
12147,B0C9T6T9Q1
12148,B0C9V4QR8X
12149,B0C9X1Q8HX
12150,B0CB1KF1L2
12151,B0CB1PRH8C
12152,B0CB1S2FBT
12153,B0CB4DP1Y9
12154,B0CBD23177
12155,B0CBD9VYB1
12156,B0CBKCNQKQ
12157,B0CBL8LZPN
12158,B0CBPV9W9S
12159,B0CBQDDHXX
12160,B0CBRP7FVT
12161,B0CBT1F9QJ
12162,B0CBVWHXTS
12163,B0CBW9RW43
12164,B0CC89YQBL
12165,B0CC8FRCSL
12166,B0CCBL1PQX
12167,B0CCD3VDQN
12168,B0CCDMQZM7
12169,B0CCDZ3WV2
12170,B0CCFLSMZ2
12171,B0CCK467HV
12172,B0CCPHZHMR
12173,B0CCQHH8Z6
12174,B0CCSMFH13
12175,B0CCSZ79RL
12176,B0CCWDTC5Y
12177,B0CD2GYCTB
12178,B0CD4KF9QJ
12179,B0CD8GN657
12180,B0CDCN4S5F
12181,B0CDF4ZSH2
12182,B0CDLVKXF7
12183,B0CDPYGLTJ
12184,B0CDPYGYL5
12185,B0CDSJMX8P
12186,B0CDVW2RNG
12187,B0CDWZYWY3
12188,B0CF1QS27T
12189,B0CF21W56V
12190,B0CF4P6RVC
12191,B0CF5TPV16
12192,B0CF6PJ411
12193,B0CF7S2CFD
12194,B0CFC5W26F
12195,B0CFD2SK6X
12196,B0CFDJFWD9
12197,B0CFFRLH54
12198,B0CFG9QD6W
12199,B0CFTCTHTK
12200,B0CG27HMRP
12201,B0CGCTGDPG
12202,B0CGXV2XWY
12203,B0CGY43Y3P
12204,B0CGZ1XLPX
12205,B0CH1HN5KQ
12206,B0CHKXRQNQ
12207,B0CHYVYHV4
